,Unnamed: 0,Unnamed: 0.1,Connectivity_Index,ADOS_TOTAL_Corr,ADOS_COMM_Corr,ADOS_SOCIAL_Corr,ADOS_STEREO_Corr,Unnamed: 0.1.1,First_ROI_Index,First_ROI_Name,Second_ROI_Index,Second_ROI_Name,P_Values,ASD_Mean,TD_Mean,ASD_STD,TD_STD,Dominant_Group,First_ROI_Network,Second_ROI_Network,ROI-Pair,Networks
0,0,0,1067,-0.24343944,-0.16884445,-0.24160616,0.027303135,49,28,"Superior medial frontal gyrus ([SMFG], 28)",43,Precuneus (43),0.0028837669619931,-0.066555426,0.010196763,0.2596696,0.23971091,TD,CC,DM,CC-DM,CC-DM
1,1,1,3,-0.22191386,-0.23534438,-0.17313193,0.027637973,96,1,Caudate (1),5,Thalamus (5),0.0106889409013323,0.27387258,0.3616898,0.31925523,0.34769005,TD,SC,SC,SC-SC,SC-SC
2,2,2,1323,-0.21741363,-0.188735,-0.19337386,-0.17695564,19,43,Precuneus (43),44,Precuneus (44),0.0003063128265279,0.30770615,0.394103,0.22951552,0.23318775,TD,DM,DM,DM-DM,DM-DM
3,3,3,1017,-0.20769067,-0.17160644,-0.19541039,-0.03965553,104,26,"Inferior parietal lobule ([IPL], 26)",44,Precuneus (44),0.0130857697662878,0.097161,0.15958458,0.26526314,0.22227322,TD,CC,DM,CC-DM,CC-DM
4,4,4,266,-0.19080375,-0.19647752,-0.15418074,-0.010478465,74,6,"Superior temporal gyrus ([STG], 6)",23,"Inferior occipital gyrus ([IOG], 23)",0.0065407583389324,-0.09835521,-0.03536912,0.22490774,0.22463803,TD,AUD,VIS,AUD-VIS,AUD-VIS
5,5,5,1328,-0.17670843,-0.11541811,-0.18017748,-0.089904085,82,43,Precuneus (43),49,"Posterior cingulate cortex ([PCC], 49)",0.0074644017937701,0.34427968,0.41682506,0.27720353,0.24891397,TD,DM,DM,DM-DM,DM-DM
6,6,6,1016,-0.17514372,-0.1419157,-0.16422321,-0.05846485,144,26,"Inferior parietal lobule ([IPL], 26)",43,Precuneus (43),0.0224363404439289,0.26795155,0.3187317,0.2259546,0.20629609,TD,CC,DM,CC-DM,CC-DM
7,7,7,1342,-0.17506233,-0.25827268,-0.0968087,0.02104819,17,45,"Anterior cingulate cortex ([ACC], 45)",46,"Posterior cingulate cortex ([PCC], 46)",0.0002588529525069,0.096812256,0.19708239,0.27244708,0.25822312,TD,DM,DM,DM-DM,DM-DM
8,8,8,1324,-0.16641302,-0.1543813,-0.14240205,0.029944774,31,43,Precuneus (43),45,"Anterior cingulate cortex ([ACC], 45)",0.001142331148232,0.063184425,0.13949668,0.23742853,0.21684407,TD,DM,DM,DM-DM,DM-DM
9,9,9,280,-0.16231468,-0.1510805,-0.13924937,0.0690955,136,6,"Superior temporal gyrus ([STG], 6)",37,"Hippocampus ([HiPP], 37)",0.0211086628787184,-0.00043635292,-0.069084,0.27809447,0.2996658,ASD,AUD,CC,AUD-CC,AUD-CC
10,10,10,1158,-0.15812595,-0.033127386,-0.20093316,-0.1771292,61,32,"Inferior parietal lobule ([IPL], 32)",44,Precuneus (44),0.0051289002744234,-0.2774677,-0.34550622,0.23119915,0.24022746,ASD,CC,DM,CC-DM,CC-DM
11,11,11,23,-0.15499645,-0.14794187,-0.13011944,0.1421548,116,1,Caudate (1),25,"Middle temporal gyrus ([MTG], 25)",0.0153337553889275,-0.037424687,-0.0998356,0.24858466,0.25148344,ASD,SC,VIS,SC-VIS,SC-VIS
12,12,12,85,-0.15471883,-0.076099046,-0.17135654,0.00080252043,182,2,Subthalamus/hypothalamus (2),36,"Middle frontal gyrus ([MiFG], 36)",0.0339539843056244,-0.048444748,-0.0020600294,0.18728542,0.23455402,TD,SC,CC,SC-CC,SC-CC
13,13,13,1159,-0.15025344,-0.15137082,-0.12213302,-0.04190139,115,32,"Inferior parietal lobule ([IPL], 32)",45,"Anterior cingulate cortex ([ACC], 45)",0.0148998930549229,-0.1207474,-0.17867546,0.24320634,0.21880233,ASD,CC,DM,CC-DM,CC-DM
14,14,14,1220,-0.14929904,-0.14381902,-0.12478368,-0.18533275,25,35,"Superior frontal gyrus ([SFG], 35)",49,"Posterior cingulate cortex ([PCC], 49)",0.0006567681634046,0.39245898,0.48805448,0.2854692,0.25737783,TD,CC,DM,CC-DM,CC-DM
15,15,15,49,-0.1483974,-0.09917995,-0.1491604,-0.039801355,16,1,Caudate (1),51,"Cerebellum ([CB], 51)",0.0001726034378242,-0.003421815,0.10007939,0.25186566,0.27937192,TD,SC,CB,SC-CB,SC-CB
16,16,16,1069,-0.1385075,-0.015524162,-0.18372786,-0.16091663,137,28,"Superior medial frontal gyrus ([SMFG], 28)",45,"Anterior cingulate cortex ([ACC], 45)",0.0212748243239515,0.41219833,0.46903333,0.24726196,0.23240075,TD,CC,DM,CC-DM,CC-DM
17,17,17,1277,-0.13681519,-0.069566436,-0.15046817,-0.060387038,169,39,"Middle cingulate cortex ([MCC], 39)",44,Precuneus (44),0.0306150492282033,-0.034694802,0.019889286,0.25252363,0.23840798,TD,CC,DM,CC-DM,CC-DM
18,18,18,773,-0.13614255,-0.11213415,-0.124653764,-0.07536171,159,18,"Middle occipital gyrus ([MOG], 18)",44,Precuneus (44),0.0266973066401527,-0.033898085,-0.08404998,0.21964803,0.22032306,ASD,VIS,DM,VIS-DM,VIS-DM
19,19,19,1345,-0.12915295,-0.034194395,-0.16004583,-0.07189093,1,45,"Anterior cingulate cortex ([ACC], 45)",49,"Posterior cingulate cortex ([PCC], 49)",9.17582524977465e-08,0.3575509,0.48772803,0.2411933,0.22517861,TD,DM,DM,DM-DM,DM-DM
20,20,20,44,-0.12717935,-0.123131774,-0.105731525,0.023731222,214,1,Caudate (1),46,"Posterior cingulate cortex ([PCC], 46)",0.0451768624553809,-0.078958526,-0.022767674,0.26551503,0.27972668,TD,SC,DM,SC-DM,SC-DM
21,21,21,1225,-0.123891756,-0.080587044,-0.12606923,0.050601795,124,36,"Middle frontal gyrus ([MiFG], 36)",37,"Hippocampus ([HiPP], 37)",0.0189474160480162,-0.14268859,-0.09914163,0.1838072,0.17687944,TD,CC,CC,CC-CC,CC-CC
22,22,22,643,-0.1196421,0.006264142,-0.17039461,-0.12028818,68,15,"Superior parietal lobule ([SPL], 15)",22,Fusiform gyrus (22),0.0054966895785797,-0.0735373,0.0037935856,0.24020594,0.29632285,TD,SM,VIS,SM-VIS,SM-VIS
23,23,23,810,-0.11723281,-0.034938775,-0.14308645,-0.09285446,119,19,"Middle temporal gyrus ([MTG], 19)",47,"Anterior cingulate cortex ([ACC], 47)",0.0165711846807692,0.022904506,-0.040134735,0.24056093,0.26928625,ASD,VIS,DM,VIS-DM,VIS-DM
24,24,24,1216,-0.11577288,-0.07045367,-0.12067964,-0.21047972,73,35,"Superior frontal gyrus ([SFG], 35)",45,"Anterior cingulate cortex ([ACC], 45)",0.0063662801399724,0.1875787,0.25566503,0.25531203,0.22878198,TD,CC,DM,CC-DM,CC-DM
25,25,25,1295,-0.114885025,-0.05867726,-0.1264584,-0.124680616,186,40,"Inferior frontal gyrus ([IFG], 40)",49,"Posterior cingulate cortex ([PCC], 49)",0.0345462248747894,-0.11222795,-0.17022914,0.25692242,0.27601156,ASD,CC,DM,CC-DM,CC-DM
26,26,26,20,-0.10494822,-0.05353692,-0.11515381,0.059998307,199,1,Caudate (1),22,Fusiform gyrus (22),0.0395537223256709,-0.020908715,-0.08167364,0.2853491,0.28872567,ASD,SC,VIS,SC-VIS,SC-VIS
27,27,27,1172,-0.104308754,-0.059193555,-0.11102622,0.012556555,184,33,"Left inferior parietal lobue ([R IPL], 33)",38,"Left inferior parietal lobule ([L IPL], 38)",0.0344374424656397,0.44717196,0.4920623,0.20533617,0.20737275,TD,CC,CC,CC-CC,CC-CC
28,28,28,135,-0.104059555,-0.07398957,-0.10200959,0.06923076,100,3,Putamen (3),36,"Middle frontal gyrus ([MiFG], 36)",0.0109964706863032,-0.013540749,0.04044909,0.21269579,0.19967689,TD,SC,CC,SC-CC,SC-CC
29,29,29,1326,-0.10270031,-0.090839125,-0.0903526,0.04880418,190,43,Precuneus (43),47,"Anterior cingulate cortex ([ACC], 47)",0.035295834465851,-0.12741603,-0.08779023,0.1779903,0.18778023,TD,DM,DM,DM-DM,DM-DM
30,30,30,1325,-0.100209385,-0.19227149,-0.028441643,-0.017850924,120,43,Precuneus (43),46,"Posterior cingulate cortex ([PCC], 46)",0.0167034421269702,0.423313,0.48784775,0.24122517,0.28052953,TD,DM,DM,DM-DM,DM-DM
31,31,31,986,-0.099596374,0.014311675,-0.1468039,0.06605566,152,25,"Middle temporal gyrus ([MTG], 25)",40,"Inferior frontal gyrus ([IFG], 40)",0.0248923900018129,-0.06314812,-0.003169116,0.25852844,0.26120198,TD,VIS,CC,VIS-CC,VIS-CC
32,32,32,1026,-0.09777154,-0.11861361,-0.07004481,-0.00870674,218,26,"Inferior parietal lobule ([IPL], 26)",53,"Cerebellum ([CB], 53)",0.0461723903022915,-0.20273557,-0.15824753,0.21223205,0.22153698,TD,CC,CB,CC-CB,CC-CB
33,33,33,541,-0.096881926,-0.06708203,-0.096023075,-0.24369992,193,12,"Superior parietal lobule ([SPL], 12)",37,"Hippocampus ([HiPP], 37)",0.0360679235378476,-0.064298354,-0.014311439,0.22822115,0.23534198,TD,SM,CC,SM-CC,SM-CC
34,34,34,722,-0.0963758,-0.12041537,-0.06462952,0.09789601,135,17,"Calcarine gyrus ([CalcarineG], 17)",28,"Superior medial frontal gyrus ([SMFG], 28)",0.020940514078649,-0.08822474,-0.035387684,0.2077937,0.23555186,TD,VIS,CC,VIS-CC,VIS-CC
35,35,35,1302,-0.09214405,-0.11219664,-0.06340048,-0.035894785,174,41,"Middle frontal gyrus ([MiFG], 41)",44,Precuneus (44),0.0320619763319382,-0.09291747,-0.038743783,0.2539556,0.23746312,TD,CC,DM,CC-DM,CC-DM
36,36,36,370,-0.089768134,-0.103034236,-0.06587434,0.06697027,202,8,"Postcentral gyrus ([PoCG], 8)",36,"Middle frontal gyrus ([MiFG], 36)",0.0402739925030198,-0.044705052,-0.002984843,0.21300179,0.18198782,TD,SM,CC,SM-CC,SM-CC
37,37,37,184,-0.088865265,-0.11638012,-0.05646018,-0.061463125,118,4,Caudate (4),36,"Middle frontal gyrus ([MiFG], 36)",0.0158245884789752,0.04982073,0.099834576,0.22461066,0.17604284,TD,SC,CC,SC-CC,SC-CC
38,38,38,753,-0.08704827,0.020048358,-0.13262555,-0.13353899,134,18,"Middle occipital gyrus ([MOG], 18)",24,"Lingual gyrus ([LingualG], 24)",0.0208820291706784,0.54256254,0.4796842,0.26265997,0.26625407,ASD,VIS,VIS,VIS-VIS,VIS-VIS
39,39,39,189,-0.085959144,0.024701955,-0.13383883,-0.099578075,176,4,Caudate (4),41,"Middle frontal gyrus ([MiFG], 41)",0.0324416277536466,0.0405468,0.09862045,0.27423924,0.25367263,TD,SC,CC,SC-CC,SC-CC
40,40,40,140,-0.08368555,-0.005081388,-0.113357574,-0.020594323,208,3,Putamen (3),41,"Middle frontal gyrus ([MiFG], 41)",0.0414989803012776,-0.03794088,0.014066416,0.2433527,0.25260687,TD,SC,CC,SC-CC,SC-CC
41,41,41,1077,-0.083233245,-0.013709045,-0.108511455,-0.26745287,132,28,"Superior medial frontal gyrus ([SMFG], 28)",53,"Cerebellum ([CB], 53)",0.0204817833289296,-0.072403185,-0.01596783,0.2251645,0.24720238,TD,CC,CB,CC-CB,CC-CB
42,42,42,1280,-0.08311206,-0.0930468,-0.062009055,0.041601595,195,39,"Middle cingulate cortex ([MCC], 39)",47,"Anterior cingulate cortex ([ACC], 47)",0.036849242767872,-0.11726143,-0.061901096,0.24130562,0.27290776,TD,CC,DM,CC-DM,CC-DM
43,43,43,1233,-0.08299376,-0.04555097,-0.089265876,-0.054692358,37,36,"Middle frontal gyrus ([MiFG], 36)",45,"Anterior cingulate cortex ([ACC], 45)",0.0018132159718463,0.09878116,0.02225649,0.2420882,0.23341057,ASD,CC,DM,CC-DM,CC-DM
44,44,44,1029,-0.08195053,-0.10691148,-0.052750368,-0.029655544,27,27,Insula (27),30,"Right inferior frontal gyrus ([R IFG], 30)",0.0007319797296976,0.28704992,0.35819772,0.21407002,0.19357619,TD,CC,CC,CC-CC,CC-CC
45,45,45,250,-0.08079293,-0.13667654,-0.033295132,-0.039284796,93,6,"Superior temporal gyrus ([STG], 6)",7,"Middle temporal gyrus ([MTG], 7)",0.0096214497558538,0.5916826,0.6422232,0.18909666,0.18991731,TD,AUD,AUD,AUD-AUD,AUD-AUD
46,46,46,1215,-0.08051583,-0.08658143,-0.06395976,-0.064735055,13,35,"Superior frontal gyrus ([SFG], 35)",44,Precuneus (44),0.0001372028787734,0.110583596,0.22961599,0.30362305,0.29944834,TD,CC,DM,CC-DM,CC-DM
47,47,47,1293,-0.08049297,0.038570188,-0.13443092,0.015527618,23,40,"Inferior frontal gyrus ([IFG], 40)",47,"Anterior cingulate cortex ([ACC], 47)",0.000577413242962,0.022352267,-0.069731295,0.26399556,0.25380045,ASD,CC,DM,CC-DM,CC-DM
48,48,48,1070,-0.08043455,-0.08728345,-0.06250102,0.12854743,5,28,"Superior medial frontal gyrus ([SMFG], 28)",46,"Posterior cingulate cortex ([PCC], 46)",1.856843515430403e-05,0.02447748,0.13186972,0.2530066,0.23019452,TD,CC,DM,CC-DM,CC-DM
49,49,49,1290,-0.08010773,-0.005444325,-0.10840191,-0.040452477,76,40,"Inferior frontal gyrus ([IFG], 40)",44,Precuneus (44),0.0067315232165519,-0.16819623,-0.23861206,0.27510765,0.22789223,ASD,CC,DM,CC-DM,CC-DM
50,50,50,893,-0.076357804,-0.04792038,-0.07882312,0.00861499,28,22,Fusiform gyrus (22),34,"Supplementary motor area ([SMA], 34)",0.000862543702835,-0.09089229,-0.17209989,0.24842404,0.22324742,ASD,VIS,CC,VIS-CC,VIS-CC
51,51,51,1333,-0.075630516,-0.090044916,-0.054204438,0.13143218,0,44,Precuneus (44),45,"Anterior cingulate cortex ([ACC], 45)",3.255791720628933e-08,0.15764613,0.31097555,0.27813882,0.2519171,TD,DM,DM,DM-DM,DM-DM
52,52,52,714,-0.071261056,0.01889237,-0.10997511,-0.07842184,105,17,"Calcarine gyrus ([CalcarineG], 17)",20,Cuneus (20),0.0131091938799575,0.68854207,0.6328568,0.20354474,0.23109202,ASD,VIS,VIS,VIS-VIS,VIS-VIS
53,53,53,718,-0.070747666,0.045052577,-0.12441252,0.007938315,139,17,"Calcarine gyrus ([CalcarineG], 17)",24,"Lingual gyrus ([LingualG], 24)",0.0217062694311601,0.63756377,0.57717174,0.25111455,0.2599846,ASD,VIS,VIS,VIS-VIS,VIS-VIS
54,54,54,1350,-0.069108464,-0.10990529,-0.03252368,-0.09219737,121,46,"Posterior cingulate cortex ([PCC], 46)",47,"Anterior cingulate cortex ([ACC], 47)",0.0169046918240722,-0.1138134,-0.05041454,0.25040415,0.2648126,TD,DM,DM,DM-DM,DM-DM
55,55,55,475,-0.06885712,-0.013138451,-0.088095,-0.21849766,223,11,"Right postcentral gyrus ([R PoCG], 11)",12,"Superior parietal lobule ([SPL], 12)",0.048555832878051,0.42760995,0.47918993,0.26106387,0.24770828,TD,SM,SM,SM-SM,SM-SM
56,56,56,801,-0.063260406,0.00690315,-0.09232028,0.091858484,113,19,"Middle temporal gyrus ([MTG], 19)",38,"Left inferior parietal lobule ([L IPL], 38)",0.0148411457055889,0.0038189355,0.07153011,0.25891933,0.28021836,TD,VIS,CC,VIS-CC,VIS-CC
57,57,57,872,-0.06240627,0.018104792,-0.09736228,-0.035355147,170,21,"Right middle occipital gyrus ([R MOG], 21)",44,Precuneus (44),0.0307988387321839,0.009529546,-0.042394906,0.24570459,0.22158977,ASD,VIS,DM,VIS-DM,VIS-DM
58,58,58,42,-0.055753976,-0.011084662,-0.07116222,0.12400129,48,1,Caudate (1),44,Precuneus (44),0.0028136382310504,-0.07005413,-0.008638893,0.20355076,0.19511403,TD,SC,DM,SC-DM,SC-DM
59,59,59,1073,-0.054565262,-0.076204754,-0.03196498,0.0382166,83,28,"Superior medial frontal gyrus ([SMFG], 28)",49,"Posterior cingulate cortex ([PCC], 49)",0.0075762699373567,0.5055394,0.57328004,0.25143525,0.24107182,TD,CC,DM,CC-DM,CC-DM
60,60,60,1336,-0.051069096,0.013302802,-0.078843825,-0.0060566785,57,44,Precuneus (44),48,Precuneus (48),0.0045773751301925,0.11017166,0.17851686,0.22334205,0.24349055,TD,DM,DM,DM-DM,DM-DM
61,61,61,308,-0.04991061,-0.020790422,-0.05756554,-0.036456615,194,7,"Middle temporal gyrus ([MTG], 7)",19,"Middle temporal gyrus ([MTG], 19)",0.0363929280852193,0.044891488,0.10083033,0.23282266,0.2836371,TD,AUD,VIS,AUD-VIS,AUD-VIS
62,62,62,136,-0.045022544,-0.06404278,-0.025613619,0.15080719,51,3,Putamen (3),37,"Hippocampus ([HiPP], 37)",0.0032385878996338,0.08244231,-0.02438468,0.338882,0.3638586,ASD,SC,CC,SC-CC,SC-CC
63,63,63,619,-0.043264367,-0.0671571,-0.021597808,0.09793161,97,14,"Precentral gyrus ([PreCG], 14)",36,"Middle frontal gyrus ([MiFG], 36)",0.0108214815481562,0.2128283,0.27850133,0.25564715,0.24489138,TD,SM,CC,SM-CC,SM-CC
64,64,64,432,-0.041348908,-0.03695676,-0.036097016,-0.18388121,129,10,"Paracentral lobule ([ParaCL], 10)",11,"Right postcentral gyrus ([R PoCG], 11)",0.0194378577979933,0.2711595,0.34006208,0.2932316,0.2798069,TD,SM,SM,SM-SM,SM-SM
65,65,65,749,-0.041020595,0.05118648,-0.08656284,-0.051875647,185,18,"Middle occipital gyrus ([MOG], 18)",20,Cuneus (20),0.03454174339624,0.5200461,0.45886806,0.29263577,0.2701645,ASD,VIS,VIS,VIS-VIS,VIS-VIS
66,66,66,1179,-0.040483836,-0.0015475582,-0.05585475,-0.00064115325,46,33,"Left inferior parietal lobue ([R IPL], 33)",45,"Anterior cingulate cortex ([ACC], 45)",0.0026506272890297,-0.1653476,-0.24260418,0.2658597,0.2319478,ASD,CC,DM,CC-DM,CC-DM
67,67,67,1355,-0.039891656,-0.111575484,0.009067103,-0.10756841,210,46,"Posterior cingulate cortex ([PCC], 46)",52,"Cerebellum ([CB], 52)",0.042899116940701,-0.0915032,-0.023421904,0.30883574,0.34364054,TD,DM,CB,DM-CB,DM-CB
68,68,68,390,-0.039315872,0.077904455,-0.09908898,-0.08942519,224,9,"Left postcentral gyrus ([L PoCG], 9)",12,"Superior parietal lobule ([SPL], 12)",0.0487401741692416,0.43929324,0.4899301,0.24524714,0.25431764,TD,SM,SM,SM-SM,SM-SM
69,69,69,1078,-0.03891564,-0.085323915,-0.005224322,-0.0121523645,146,29,"Inferior frontal gyrus ([IFG], 29)",30,"Right inferior frontal gyrus ([R IFG], 30)",0.0225883342709844,0.26157057,0.30877626,0.20072237,0.20162235,TD,CC,CC,CC-CC,CC-CC
70,70,70,898,-0.038406223,0.0011223956,-0.054410394,-0.028784256,177,22,Fusiform gyrus (22),39,"Middle cingulate cortex ([MCC], 39)",0.0327492353924344,-0.104104064,-0.038208995,0.2835093,0.3151828,TD,VIS,CC,VIS-CC,VIS-CC
71,71,71,1194,-0.037725993,0.032555718,-0.07098101,-0.11448155,219,34,"Supplementary motor area ([SMA], 34)",41,"Middle frontal gyrus ([MiFG], 41)",0.0463332611938775,-0.04148126,0.008689148,0.27248877,0.21502046,TD,CC,CC,CC-CC,CC-CC
72,72,72,1025,-0.03677396,-0.03730718,-0.029535357,0.045342986,42,26,"Inferior parietal lobule ([IPL], 26)",52,"Cerebellum ([CB], 52)",0.002480017577901,-0.11064641,-0.037482742,0.22457696,0.24345474,TD,CC,CB,CC-CB,CC-CB
73,73,73,776,-0.034962855,-0.05735082,-0.015670797,0.059128307,161,18,"Middle occipital gyrus ([MOG], 18)",47,"Anterior cingulate cortex ([ACC], 47)",0.028196130040359,-0.028931534,-0.07409572,0.20873232,0.19131646,ASD,VIS,DM,VIS-DM,VIS-DM
74,74,74,981,-0.031798903,-0.097498685,0.010333738,0.0071819234,172,25,"Middle temporal gyrus ([MTG], 25)",35,"Superior frontal gyrus ([SFG], 35)",0.0315298646947791,-0.10962326,-0.04020452,0.29388952,0.3319675,TD,VIS,CC,VIS-CC,VIS-CC
75,75,75,474,-0.031554013,0.061218914,-0.07938397,-0.0011417208,138,10,"Paracentral lobule ([ParaCL], 10)",53,"Cerebellum ([CB], 53)",0.0215684688601955,-0.03290277,-0.09317893,0.26414505,0.2456753,ASD,SM,CB,SM-CB,SM-CB
76,76,76,646,-0.03140499,0.035325646,-0.06386923,-0.14024268,6,15,"Superior parietal lobule ([SPL], 15)",25,"Middle temporal gyrus ([MTG], 25)",1.9690011761093147e-05,0.12853757,0.24631035,0.25295267,0.27772033,TD,SM,VIS,SM-VIS,SM-VIS
77,77,77,712,-0.031204132,0.08805544,-0.094162166,-0.067387834,89,17,"Calcarine gyrus ([CalcarineG], 17)",18,"Middle occipital gyrus ([MOG], 18)",0.0084271644995842,0.22917256,0.14518733,0.32373595,0.2950418,ASD,VIS,VIS,VIS-VIS,VIS-VIS
78,78,78,447,-0.03079037,-0.08231879,0.004557684,0.0042267474,107,10,"Paracentral lobule ([ParaCL], 10)",26,"Inferior parietal lobule ([IPL], 26)",0.0140277960316377,0.00031785635,-0.056418136,0.20823371,0.23882036,ASD,SM,CC,SM-CC,SM-CC
79,79,79,875,-0.030238464,-0.028536769,-0.025600545,0.102299504,157,21,"Right middle occipital gyrus ([R MOG], 21)",47,"Anterior cingulate cortex ([ACC], 47)",0.0262490697611115,-0.06991195,-0.119302854,0.20862557,0.22289245,ASD,VIS,DM,VIS-DM,VIS-DM
80,80,80,739,-0.027687982,-0.099988446,0.019206021,0.09803558,222,17,"Calcarine gyrus ([CalcarineG], 17)",45,"Anterior cingulate cortex ([ACC], 45)",0.0484278302332952,0.07190668,0.11749809,0.23503165,0.2142519,TD,VIS,DM,VIS-DM,VIS-DM
81,81,81,322,-0.026938386,-0.0044399076,-0.034758903,-0.06759568,45,7,"Middle temporal gyrus ([MTG], 7)",33,"Left inferior parietal lobue ([R IPL], 33)",0.0025683104267595,0.18395013,0.24932398,0.20943311,0.21087524,TD,AUD,CC,AUD-CC,AUD-CC
82,82,82,79,-0.024643224,-0.021427814,-0.021804167,-0.07378897,189,2,Subthalamus/hypothalamus (2),30,"Right inferior frontal gyrus ([R IFG], 30)",0.035042850805197,-0.015721394,0.032043375,0.2146765,0.22564444,TD,SC,CC,SC-CC,SC-CC
83,83,83,1068,-0.023824252,-0.05374721,-0.003420629,0.21779422,14,28,"Superior medial frontal gyrus ([SMFG], 28)",44,Precuneus (44),0.0001504707853469,0.09646399,0.20175223,0.28963748,0.24604876,TD,CC,DM,CC-DM,CC-DM
84,84,84,346,-0.021657238,0.028100833,-0.046383675,-0.11981836,211,8,"Postcentral gyrus ([PoCG], 8)",12,"Superior parietal lobule ([SPL], 12)",0.0431913665800105,0.062054045,0.116331264,0.24814849,0.2729699,TD,SM,SM,SM-SM,SM-SM
85,85,85,1089,-0.016148109,0.0048948065,-0.02513085,-0.023286752,133,29,"Inferior frontal gyrus ([IFG], 29)",41,"Middle frontal gyrus ([MiFG], 41)",0.0205623668813697,0.20641737,0.14635324,0.2677601,0.23585089,ASD,CC,CC,CC-CC,CC-CC
86,86,86,199,-0.015717736,0.05669004,-0.05463034,0.07018308,148,4,Caudate (4),51,"Cerebellum ([CB], 51)",0.0233376660231779,-0.12742703,-0.06261257,0.27343115,0.28186032,TD,SC,CB,SC-CB,SC-CB
87,87,87,471,-0.010303573,-0.035859797,0.0063692154,0.01644933,64,10,"Paracentral lobule ([ParaCL], 10)",50,"Cerebellum ([CB], 50)",0.0053246423603141,-0.077059135,-0.15574345,0.26079208,0.2860408,ASD,SM,CB,SM-CB,SM-CB
88,88,88,1103,-0.009113261,0.03178588,-0.031108733,-0.25056034,201,30,"Right inferior frontal gyrus ([R IFG], 30)",32,"Inferior parietal lobule ([IPL], 32)",0.0401231927908485,0.08758397,0.13620748,0.22442313,0.23597562,TD,CC,CC,CC-CC,CC-CC
89,89,89,180,-0.00900075,0.025377259,-0.027044062,-0.043999672,168,4,Caudate (4),32,"Inferior parietal lobule ([IPL], 32)",0.0304806372899585,-0.06896811,-0.022481104,0.21946324,0.19810031,TD,SC,CC,SC-CC,SC-CC
90,90,90,922,-0.0073860944,0.030312624,-0.02793905,-0.05178609,198,23,"Inferior occipital gyrus ([IOG], 23)",33,"Left inferior parietal lobue ([R IPL], 33)",0.038825649889725,0.08217009,0.13468872,0.23282072,0.2602956,TD,VIS,CC,VIS-CC,VIS-CC
91,91,91,949,-0.004799751,-0.0026377572,-0.005175957,0.11944592,200,24,"Lingual gyrus ([LingualG], 24)",31,"Middle frontal gyrus ([MiFG], 31)",0.0398375210087594,-0.06993729,-0.026665771,0.20793366,0.20158058,TD,VIS,CC,VIS-CC,VIS-CC
92,92,92,261,-0.003251106,-0.022989945,0.0087922495,-0.11520397,81,6,"Superior temporal gyrus ([STG], 6)",18,"Middle occipital gyrus ([MOG], 18)",0.0073660523668764,-0.11524325,-0.056516524,0.20354767,0.22115138,TD,AUD,VIS,AUD-VIS,AUD-VIS
93,93,93,202,-0.0025079434,-0.06951474,0.036593113,0.1892859,98,5,Thalamus (5),6,"Superior temporal gyrus ([STG], 6)",0.0108405439555102,0.05339105,-0.028610587,0.3136919,0.3113865,ASD,SC,AUD,SC-AUD,SC-AUD
94,94,94,1111,-0.002301956,-0.07624891,0.040882032,-0.08174465,153,30,"Right inferior frontal gyrus ([R IFG], 30)",40,"Inferior frontal gyrus ([IFG], 40)",0.0251870167058884,0.1995949,0.255246,0.24126619,0.24198617,TD,CC,CC,CC-CC,CC-CC
95,95,95,1337,-0.0013526916,-0.073592365,0.03767899,0.16109891,18,44,Precuneus (44),49,"Posterior cingulate cortex ([PCC], 49)",0.0002918645223626,0.49895754,0.59393287,0.26990536,0.23655416,TD,DM,DM,DM-DM,DM-DM
96,96,96,75,-0.00071305485,0.071907416,-0.042528305,0.077835105,141,2,Subthalamus/hypothalamus (2),26,"Inferior parietal lobule ([IPL], 26)",0.0219381781797928,-0.116974585,-0.06499568,0.21910562,0.2217231,TD,SC,CC,SC-CC,SC-CC
97,97,97,1108,0.0011016608,0.03581069,-0.019289387,0.082073756,15,30,"Right inferior frontal gyrus ([R IFG], 30)",37,"Hippocampus ([HiPP], 37)",0.0001505512549944,-0.0335763,-0.112900816,0.20442604,0.19996834,ASD,CC,CC,CC-CC,CC-CC
98,98,98,1036,0.0011186221,-0.00585807,0.004887049,0.1326158,147,27,Insula (27),37,"Hippocampus ([HiPP], 37)",0.022784257289464,0.021387774,-0.04823735,0.28701243,0.3066261,ASD,CC,CC,CC-CC,CC-CC
99,99,99,366,0.001906756,0.066212334,-0.03572875,-0.12854114,151,8,"Postcentral gyrus ([PoCG], 8)",32,"Inferior parietal lobule ([IPL], 32)",0.0248102089620385,-0.0362477,0.0092858905,0.19076827,0.20318376,TD,SM,CC,SM-CC,SM-CC
100,100,100,632,0.0031319666,-0.022594212,0.01719348,0.22908726,140,14,"Precentral gyrus ([PreCG], 14)",49,"Posterior cingulate cortex ([PCC], 49)",0.0217625509401999,-0.10886235,-0.17193016,0.2886841,0.24451917,ASD,SM,DM,SM-DM,SM-DM
101,101,101,1223,0.0053647906,0.047340818,-0.01987657,0.1865945,106,35,"Superior frontal gyrus ([SFG], 35)",52,"Cerebellum ([CB], 52)",0.0134776571822194,-0.02173749,0.057984248,0.31821978,0.30861712,TD,CC,CB,CC-CB,CC-CB
102,102,102,1178,0.0056599923,0.0944537,-0.045932453,-0.07391839,10,33,"Left inferior parietal lobue ([R IPL], 33)",44,Precuneus (44),6.0953359826633005e-05,-0.23724768,-0.33241194,0.24732426,0.20989873,ASD,CC,DM,CC-DM,CC-DM
103,103,103,1353,0.0060800514,0.010566188,0.0022656866,-0.19545186,171,46,"Posterior cingulate cortex ([PCC], 46)",50,"Cerebellum ([CB], 50)",0.0314608422838356,-0.014943829,0.051899765,0.27232903,0.3282341,TD,DM,CB,DM-CB,DM-CB
104,104,104,310,0.0063861012,-0.0028078929,0.010579836,-0.15461527,162,7,"Middle temporal gyrus ([MTG], 7)",21,"Right middle occipital gyrus ([R MOG], 21)",0.0286040048490615,-0.037619833,0.009809739,0.20463914,0.21625748,TD,AUD,VIS,AUD-VIS,AUD-VIS
105,105,105,1095,0.009003594,0.09896515,-0.04464406,-0.06407442,103,29,"Inferior frontal gyrus ([IFG], 29)",47,"Anterior cingulate cortex ([ACC], 47)",0.0124699190696909,0.09998419,0.04197107,0.21561089,0.23462178,ASD,CC,DM,CC-DM,CC-DM
106,106,106,772,0.009429537,0.090640165,-0.039360903,0.10459424,143,18,"Middle occipital gyrus ([MOG], 18)",43,Precuneus (43),0.0222922756979459,-0.029994152,-0.085319996,0.23924063,0.23136866,ASD,VIS,DM,VIS-DM,VIS-DM
107,107,107,738,0.009823518,-0.096985035,0.06980237,0.027498472,71,17,"Calcarine gyrus ([CalcarineG], 17)",44,Precuneus (44),0.0058718231301784,0.3276129,0.39794326,0.25688654,0.23853686,TD,VIS,DM,VIS-DM,VIS-DM
108,108,108,980,0.010118138,0.0066873883,0.010013322,0.24118035,75,25,"Middle temporal gyrus ([MTG], 25)",34,"Supplementary motor area ([SMA], 34)",0.0065964787588867,-0.07232335,-0.14031702,0.2575243,0.22790036,ASD,VIS,CC,VIS-CC,VIS-CC
109,109,109,618,0.011786994,0.087962545,-0.034533747,-0.22201599,216,14,"Precentral gyrus ([PreCG], 14)",35,"Superior frontal gyrus ([SFG], 35)",0.0457968617949014,-0.11270071,-0.18781781,0.37285435,0.35886142,ASD,SM,CC,SM-CC,SM-CC
110,110,110,1076,0.011840777,0.022471275,0.0036284302,-0.17208411,149,28,"Superior medial frontal gyrus ([SMFG], 28)",52,"Cerebellum ([CB], 52)",0.0236372161286693,-0.0811692,-0.03581799,0.1763289,0.21102837,TD,CC,CB,CC-CB,CC-CB
111,111,111,1192,0.013351131,0.04445201,-0.0058612297,0.07640099,178,34,"Supplementary motor area ([SMA], 34)",39,"Middle cingulate cortex ([MCC], 39)",0.0330519742598147,0.00983621,-0.041037086,0.24856122,0.2149458,ASD,CC,CC,CC-CC,CC-CC
112,112,112,1064,0.016075343,0.07681403,-0.022156537,0.008183614,43,28,"Superior medial frontal gyrus ([SMFG], 28)",40,"Inferior frontal gyrus ([IFG], 40)",0.0024954419396189,-0.023526734,-0.10777737,0.27915046,0.26100585,ASD,CC,CC,CC-CC,CC-CC
113,113,113,990,0.016122011,0.052386254,-0.0065793786,-0.042070933,72,25,"Middle temporal gyrus ([MTG], 25)",44,Precuneus (44),0.0059657075028483,0.058871455,-0.008206504,0.23723511,0.23620121,ASD,VIS,DM,VIS-DM,VIS-DM
114,114,114,1309,0.016342966,0.026866915,0.007301091,-0.034631405,79,41,"Middle frontal gyrus ([MiFG], 41)",51,"Cerebellum ([CB], 51)",0.0073160464668766,0.039239783,0.11140377,0.26404107,0.25830126,TD,CC,CB,CC-CB,CC-CB
115,115,115,1352,0.016352443,-0.080338225,0.06796258,0.060381092,62,46,"Posterior cingulate cortex ([PCC], 46)",49,"Posterior cingulate cortex ([PCC], 49)",0.0053026150523481,0.25151736,0.32293692,0.26335984,0.23333141,TD,DM,DM,DM-DM,DM-DM
116,116,116,600,0.016915517,-0.0019835613,0.024582215,0.04099022,175,14,"Precentral gyrus ([PreCG], 14)",17,"Calcarine gyrus ([CalcarineG], 17)",0.0322779365741992,0.040309146,-0.009560278,0.21841319,0.23395807,ASD,SM,VIS,SM-VIS,SM-VIS
117,117,117,1019,0.0171134,-0.100861296,0.07971118,0.06604625,39,26,"Inferior parietal lobule ([IPL], 26)",46,"Posterior cingulate cortex ([PCC], 46)",0.0020275206475307,0.1917324,0.26225722,0.21312779,0.22918597,TD,CC,DM,CC-DM,CC-DM
118,118,118,1207,0.017264768,-0.0029673113,0.025723198,-0.2092995,63,35,"Superior frontal gyrus ([SFG], 35)",36,"Middle frontal gyrus ([MiFG], 36)",0.0053057700124473,0.0009417889,-0.0797764,0.2751114,0.28637362,ASD,CC,CC,CC-CC,CC-CC
119,119,119,1149,0.019229881,-0.030688707,0.0440172,-0.06455199,187,32,"Inferior parietal lobule ([IPL], 32)",35,"Superior frontal gyrus ([SFG], 35)",0.0346503623832756,0.18458726,0.124778986,0.27415147,0.27637213,ASD,CC,CC,CC-CC,CC-CC
120,120,120,743,0.01997587,-0.012857418,0.03501879,0.07188794,123,17,"Calcarine gyrus ([CalcarineG], 17)",49,"Posterior cingulate cortex ([PCC], 49)",0.0169968206030829,0.19076526,0.24829352,0.23808594,0.23031653,TD,VIS,DM,VIS-DM,VIS-DM
121,121,121,1107,0.022121128,0.05489261,-0.00097608386,0.045767155,127,30,"Right inferior frontal gyrus ([R IFG], 30)",36,"Middle frontal gyrus ([MiFG], 36)",0.0192585373931673,0.14043428,0.19344103,0.21611144,0.22379497,TD,CC,CC,CC-CC,CC-CC
122,122,122,1310,0.02411824,0.03663041,0.012413159,-0.03169029,29,41,"Middle frontal gyrus ([MiFG], 41)",52,"Cerebellum ([CB], 52)",0.0010875855282569,-0.06784845,0.013356366,0.22584602,0.25420263,TD,CC,CB,CC-CB,CC-CB
123,123,123,1362,0.024393829,-0.06261672,0.0699548,0.034498155,188,47,"Anterior cingulate cortex ([ACC], 47)",53,"Cerebellum ([CB], 53)",0.0347331278029537,0.012582031,0.063687526,0.23236246,0.23816666,TD,DM,CB,DM-CB,DM-CB
124,124,124,185,0.024854824,0.04055887,0.01107078,0.050510053,7,4,Caudate (4),37,"Hippocampus ([HiPP], 37)",2.1113673328919418e-05,0.24797241,0.11034727,0.28729814,0.3337815,ASD,SC,CC,SC-CC,SC-CC
125,125,125,627,0.025397783,0.08095915,-0.010674549,0.1146994,67,14,"Precentral gyrus ([PreCG], 14)",44,Precuneus (44),0.0054197803289326,-0.2038842,-0.2772241,0.29763493,0.20778982,ASD,SM,DM,SM-DM,SM-DM
126,126,126,467,0.028273806,-0.06381112,0.076385476,0.09422314,88,10,"Paracentral lobule ([ParaCL], 10)",46,"Posterior cingulate cortex ([PCC], 46)",0.008325769857866,0.040579576,-0.031791937,0.2658282,0.26665124,ASD,SM,DM,SM-DM,SM-DM
127,127,127,312,0.02902554,0.0012989322,0.0395824,-0.023293782,102,7,"Middle temporal gyrus ([MTG], 7)",23,"Inferior occipital gyrus ([IOG], 23)",0.0123577793081488,-0.054111786,0.0029397225,0.2227996,0.22017415,TD,AUD,VIS,AUD-VIS,AUD-VIS
128,128,128,1304,0.030925395,-0.10839032,0.105463624,0.04550963,196,41,"Middle frontal gyrus ([MiFG], 41)",46,"Posterior cingulate cortex ([PCC], 46)",0.0373969865555511,0.06447221,0.11967858,0.2619796,0.25392783,TD,CC,DM,CC-DM,CC-DM
129,129,129,388,0.031928763,0.10266852,-0.014494873,-0.010779844,125,9,"Left postcentral gyrus ([L PoCG], 9)",10,"Paracentral lobule ([ParaCL], 10)",0.0189807452072993,0.27676493,0.34503487,0.26531225,0.29862198,TD,SM,SM,SM-SM,SM-SM
130,130,130,158,0.03336844,-0.036954395,0.06780019,0.1313633,101,4,Caudate (4),10,"Paracentral lobule ([ParaCL], 10)",0.0110817960109332,-0.104794174,-0.17241214,0.26526344,0.25178453,ASD,SC,SM,SC-SM,SC-SM
131,131,131,342,0.03359328,0.044623423,0.02087126,0.099312745,164,7,"Middle temporal gyrus ([MTG], 7)",53,"Cerebellum ([CB], 53)",0.0295673268983098,-0.085266314,-0.13091889,0.1927046,0.2142668,ASD,AUD,CB,AUD-CB,AUD-CB
132,132,132,1120,0.034199134,-0.01516494,0.056576874,0.17247194,204,30,"Right inferior frontal gyrus ([R IFG], 30)",49,"Posterior cingulate cortex ([PCC], 49)",0.0405790463164799,0.03675012,-0.013109609,0.22631736,0.24644038,ASD,CC,DM,CC-DM,CC-DM
133,133,133,726,0.034205496,0.092213966,-0.0057990104,-0.017053176,21,17,"Calcarine gyrus ([CalcarineG], 17)",32,"Inferior parietal lobule ([IPL], 32)",0.0003771839918027,-0.12154484,-0.19910799,0.2084487,0.21335937,ASD,VIS,CC,VIS-CC,VIS-CC
134,134,134,174,0.034715302,0.18551244,-0.05917378,0.06710611,108,4,Caudate (4),26,"Inferior parietal lobule ([IPL], 26)",0.0140490862226548,-0.11725296,-0.06561981,0.20250526,0.20581646,TD,SC,CC,SC-CC,SC-CC
135,135,135,1140,0.035221264,0.03283211,0.029989807,0.027297184,78,31,"Middle frontal gyrus ([MiFG], 31)",47,"Anterior cingulate cortex ([ACC], 47)",0.0071883554519774,-0.109690115,-0.16956982,0.20591007,0.22568312,ASD,CC,DM,CC-DM,CC-DM
136,136,136,1227,0.036072373,0.022831008,0.037385054,0.028637309,12,36,"Middle frontal gyrus ([MiFG], 36)",39,"Middle cingulate cortex ([MCC], 39)",0.0001360243439497,0.29153636,0.20025118,0.23063195,0.23153171,ASD,CC,CC,CC-CC,CC-CC
137,137,137,1055,0.03752465,0.07359398,0.009575465,0.049307015,156,28,"Superior medial frontal gyrus ([SMFG], 28)",31,"Middle frontal gyrus ([MiFG], 31)",0.0259862435824647,0.074876815,0.017754601,0.2657495,0.23250486,ASD,CC,CC,CC-CC,CC-CC
138,138,138,1183,0.04009313,0.030165108,0.038285732,0.028108293,53,33,"Left inferior parietal lobue ([R IPL], 33)",49,"Posterior cingulate cortex ([PCC], 49)",0.0037121042530422,-0.28940737,-0.36768416,0.26607347,0.25723723,ASD,CC,DM,CC-DM,CC-DM
139,139,139,1287,0.041306186,-0.019445084,0.0686475,0.035693858,32,40,"Inferior frontal gyrus ([IFG], 40)",41,"Middle frontal gyrus ([MiFG], 41)",0.0012858902811909,0.4254466,0.34509268,0.2488659,0.23470415,ASD,CC,CC,CC-CC,CC-CC
140,140,140,465,0.043024335,0.0019057341,0.058855753,0.026884258,142,10,"Paracentral lobule ([ParaCL], 10)",44,Precuneus (44),0.0220472588942043,-0.042202767,0.010316037,0.23393972,0.2117461,TD,SM,DM,SM-DM,SM-DM
141,141,141,328,0.0467911,0.002316584,0.063563816,-0.08611873,60,7,"Middle temporal gyrus ([MTG], 7)",39,"Middle cingulate cortex ([MCC], 39)",0.0050230041138558,0.009615471,-0.065238826,0.23084404,0.28321457,ASD,AUD,CC,AUD-CC,AUD-CC
142,142,142,1085,0.04740934,0.13515624,-0.012312893,-0.030208172,33,29,"Inferior frontal gyrus ([IFG], 29)",37,"Hippocampus ([HiPP], 37)",0.0014425959784259,-0.021371672,-0.093337595,0.19911101,0.23624091,ASD,CC,CC,CC-CC,CC-CC
143,143,143,307,0.051676694,0.016593015,0.062299665,0.017296264,213,7,"Middle temporal gyrus ([MTG], 7)",18,"Middle occipital gyrus ([MOG], 18)",0.0444565999042406,-0.09419531,-0.050028164,0.20634006,0.22063099,TD,AUD,VIS,AUD-VIS,AUD-VIS
144,144,144,1115,0.05228504,0.07316886,0.030666586,0.12296242,173,30,"Right inferior frontal gyrus ([R IFG], 30)",44,Precuneus (44),0.0316071386266124,-0.13594739,-0.18523337,0.21587014,0.2295355,ASD,CC,DM,CC-DM,CC-DM
145,145,145,1313,0.053601086,0.09783018,0.01814136,-0.13681647,212,42,"Hippocampus ([HiPP], 42)",44,Precuneus (44),0.043487939940712,0.12840366,0.07540328,0.2646967,0.24590617,ASD,CC,DM,CC-DM,CC-DM
146,146,146,353,0.053938676,0.13276581,-0.0017793097,0.12182923,215,8,"Postcentral gyrus ([PoCG], 8)",19,"Middle temporal gyrus ([MTG], 19)",0.0452457196064039,0.038822234,0.09245264,0.2621327,0.25890514,TD,SM,VIS,SM-VIS,SM-VIS
147,147,147,1062,0.05401438,0.097534895,0.018779222,0.2331236,155,28,"Superior medial frontal gyrus ([SMFG], 28)",38,"Left inferior parietal lobule ([L IPL], 38)",0.0259242259621231,-0.28485885,-0.34077463,0.25135073,0.23671438,ASD,CC,CC,CC-CC,CC-CC
148,148,148,1211,0.05547806,-0.03574839,0.09771847,-0.18475136,35,35,"Superior frontal gyrus ([SFG], 35)",40,"Inferior frontal gyrus ([IFG], 40)",0.0015720462977654,0.05131946,-0.034864146,0.25521237,0.27244493,ASD,CC,CC,CC-CC,CC-CC
149,149,149,1038,0.05605066,0.05266985,0.047528658,0.05656282,36,27,Insula (27),39,"Middle cingulate cortex ([MCC], 39)",0.0017649651761618,0.21263403,0.12379392,0.2721929,0.27817678,ASD,CC,CC,CC-CC,CC-CC
150,150,150,24,0.05643481,0.06413462,0.041445747,-0.010616246,109,1,Caudate (1),26,"Inferior parietal lobule ([IPL], 26)",0.014443223176958,-0.053280257,-0.006103614,0.16571242,0.20605119,TD,SC,CC,SC-CC,SC-CC
151,151,151,1258,0.059378702,0.13470739,0.00460685,0.075373664,197,38,"Left inferior parietal lobule ([L IPL], 38)",39,"Middle cingulate cortex ([MCC], 39)",0.037804706738734,-0.019302968,-0.068848856,0.23594235,0.22806366,ASD,CC,CC,CC-CC,CC-CC
152,152,152,970,0.05946869,0.015349673,0.07405456,-0.09494797,128,24,"Lingual gyrus ([LingualG], 24)",52,"Cerebellum ([CB], 52)",0.0193565349731326,-0.08629841,-0.14156239,0.23540024,0.22389616,ASD,VIS,CB,VIS-CB,VIS-CB
153,153,153,1291,0.05949153,0.06810511,0.043518625,0.073370814,2,40,"Inferior frontal gyrus ([IFG], 40)",45,"Anterior cingulate cortex ([ACC], 45)",8.377528299456905e-06,0.0564376,-0.07002947,0.28454778,0.26180363,ASD,CC,DM,CC-DM,CC-DM
154,154,154,1300,0.05971692,0.16461,-0.012238432,-0.017033616,209,41,"Middle frontal gyrus ([MiFG], 41)",42,"Hippocampus ([HiPP], 42)",0.042211807395334,-0.14657009,-0.09333757,0.25035864,0.2590928,TD,CC,CC,CC-CC,CC-CC
155,155,155,1082,0.06263498,0.052353453,0.0568444,0.073669314,38,29,"Inferior frontal gyrus ([IFG], 29)",34,"Supplementary motor area ([SMA], 34)",0.0020180835207033,0.24975395,0.32503518,0.23835029,0.2342606,TD,CC,CC,CC-CC,CC-CC
156,156,156,658,0.0637703,0.10996844,0.025052648,0.018620117,131,15,"Superior parietal lobule ([SPL], 15)",37,"Hippocampus ([HiPP], 37)",0.0194598214126946,-0.11732337,-0.066391,0.18482837,0.2348879,TD,SM,CC,SM-CC,SM-CC
157,157,157,4,0.06634884,0.026738385,0.076801874,0.06214439,58,1,Caudate (1),6,"Superior temporal gyrus ([STG], 6)",0.0047756621934076,-0.0076775854,-0.07854473,0.2464286,0.24088897,ASD,SC,AUD,SC-AUD,SC-AUD
158,158,158,1275,0.066947974,0.1389882,0.012952279,-0.004871362,84,39,"Middle cingulate cortex ([MCC], 39)",42,"Hippocampus ([HiPP], 42)",0.0078885316748531,0.029319022,0.111158475,0.25464082,0.33625963,TD,CC,CC,CC-CC,CC-CC
159,159,159,1202,0.06814036,0.053500388,0.06492983,0.035751395,145,34,"Supplementary motor area ([SMA], 34)",49,"Posterior cingulate cortex ([PCC], 49)",0.0225435414209733,0.10230208,0.15812062,0.24085747,0.23483026,TD,CC,DM,CC-DM,CC-DM
160,160,160,1093,0.06836906,0.1207055,0.025278827,0.052130464,167,29,"Inferior frontal gyrus ([IFG], 29)",45,"Anterior cingulate cortex ([ACC], 45)",0.0302552969338872,0.086015835,0.02721147,0.27445775,0.2531797,ASD,CC,DM,CC-DM,CC-DM
161,161,161,833,0.070486434,0.08529071,0.048723325,0.020705199,206,20,Cuneus (20),37,"Hippocampus ([HiPP], 37)",0.0408189220430886,-0.12785007,-0.08793966,0.17879924,0.19975153,TD,VIS,CC,VIS-CC,VIS-CC
162,162,162,1265,0.07241485,0.121795975,0.030461589,0.054571312,50,38,"Left inferior parietal lobule ([L IPL], 38)",46,"Posterior cingulate cortex ([PCC], 46)",0.0031798547495572,0.009284756,-0.06317102,0.23691879,0.23935097,ASD,CC,DM,CC-DM,CC-DM
163,163,163,1218,0.07276733,0.061601788,0.06559695,-0.04454734,69,35,"Superior frontal gyrus ([SFG], 35)",47,"Anterior cingulate cortex ([ACC], 47)",0.0056088552648445,0.11710302,0.18347825,0.23526879,0.22981538,TD,CC,DM,CC-DM,CC-DM
164,164,164,334,0.07362458,0.043605216,0.07722533,-0.020245109,220,7,"Middle temporal gyrus ([MTG], 7)",45,"Anterior cingulate cortex ([ACC], 45)",0.0468744530984036,0.0065403446,-0.046711355,0.24754916,0.2726069,ASD,AUD,DM,AUD-DM,AUD-DM
165,165,165,451,0.074021585,0.070314415,0.062324725,0.15796451,20,10,"Paracentral lobule ([ParaCL], 10)",30,"Right inferior frontal gyrus ([R IFG], 30)",0.0003750983874667,-0.050438352,-0.12431788,0.20014854,0.20154437,ASD,SM,CC,SM-CC,SM-CC
166,166,166,143,0.077861294,0.14301972,0.02606125,0.14619163,192,3,Putamen (3),44,Precuneus (44),0.0360523599164277,-0.052599344,-0.10347058,0.24722324,0.22455898,ASD,SC,DM,SC-DM,SC-DM
167,167,167,506,0.07802211,0.13857365,0.029284472,-0.013560154,66,11,"Right postcentral gyrus ([R PoCG], 11)",43,Precuneus (43),0.0053596212907615,-0.116641715,-0.16877995,0.19467525,0.16815707,ASD,SM,DM,SM-DM,SM-DM
168,168,168,1264,0.07932391,0.08999752,0.058628574,0.15989886,11,38,"Left inferior parietal lobule ([L IPL], 38)",45,"Anterior cingulate cortex ([ACC], 45)",0.0001032219942924,-0.13477796,-0.2386485,0.2678638,0.2486982,ASD,CC,DM,CC-DM,CC-DM
169,169,169,206,0.080316655,-0.033266213,0.13114151,0.0678415,163,5,Thalamus (5),10,"Paracentral lobule ([ParaCL], 10)",0.0286316012067163,0.006520676,-0.060274918,0.29879868,0.2946443,ASD,SC,SM,SC-SM,SC-SM
170,170,170,317,0.0807982,0.053462368,0.08148521,0.03218284,180,7,"Middle temporal gyrus ([MTG], 7)",28,"Superior medial frontal gyrus ([SMFG], 28)",0.0331647681125324,-0.24795276,-0.2945492,0.20749663,0.21756874,ASD,AUD,CC,AUD-CC,AUD-CC
171,171,171,590,0.08086858,0.12555064,0.039962973,-0.114678584,77,13,"Paracentral lobule ([ParaCL], 13)",46,"Posterior cingulate cortex ([PCC], 46)",0.0067482305074005,-0.08112492,-0.1606564,0.30799997,0.26071593,ASD,SM,DM,SM-DM,SM-DM
172,172,172,978,0.08128016,0.10619147,0.052613713,0.019622758,70,25,"Middle temporal gyrus ([MTG], 25)",32,"Inferior parietal lobule ([IPL], 32)",0.0057781316043491,-0.05610387,0.011287931,0.22066067,0.251579,TD,VIS,CC,VIS-CC,VIS-CC
173,173,173,754,0.082687266,0.13066179,0.039408024,-0.035780918,87,18,"Middle occipital gyrus ([MOG], 18)",25,"Middle temporal gyrus ([MTG], 25)",0.0082747378061651,0.124856785,0.19041824,0.2358678,0.24585034,TD,VIS,VIS,VIS-VIS,VIS-VIS
174,174,174,692,0.08291677,0.0015822729,0.114491224,-0.1529363,207,16,"Postcentral gyrus ([PoCG], 16)",34,"Supplementary motor area ([SMA], 34)",0.0410081336325522,-0.025573904,0.026248625,0.26408112,0.22853728,TD,SM,CC,SM-CC,SM-CC
175,175,175,557,0.084287316,0.019964036,0.105767876,0.114139706,65,12,"Superior parietal lobule ([SPL], 12)",53,"Cerebellum ([CB], 53)",0.0053372677223239,-0.022971747,-0.09119826,0.23475328,0.240304,ASD,SM,CB,SM-CB,SM-CB
176,176,176,1138,0.087305315,0.11372926,0.055761322,0.021527207,55,31,"Middle frontal gyrus ([MiFG], 31)",45,"Anterior cingulate cortex ([ACC], 45)",0.0037428651771731,-0.07756531,-0.14745218,0.24646822,0.22086298,ASD,CC,DM,CC-DM,CC-DM
177,177,177,378,0.08792728,0.11482104,0.05593076,0.26283786,47,8,"Postcentral gyrus ([PoCG], 8)",44,Precuneus (44),0.0026529750286475,-0.108475745,-0.1725469,0.20396906,0.20922887,ASD,SM,DM,SM-DM,SM-DM
178,178,178,874,0.08870611,0.19617246,0.009846167,0.10099387,54,21,"Right middle occipital gyrus ([R MOG], 21)",46,"Posterior cingulate cortex ([PCC], 46)",0.0037373636501657,-0.029422158,-0.10124876,0.24456926,0.23597582,ASD,VIS,DM,VIS-DM,VIS-DM
179,179,179,983,0.08876427,0.1427924,0.040847197,0.07407183,24,25,"Middle temporal gyrus ([MTG], 25)",37,"Hippocampus ([HiPP], 37)",0.000653072098458,0.11753159,0.018705979,0.2420285,0.31328118,ASD,VIS,CC,VIS-CC,VIS-CC
180,180,180,377,0.09019465,0.19061738,0.015177959,-0.014663025,92,8,"Postcentral gyrus ([PoCG], 8)",43,Precuneus (43),0.0094503072821887,-0.15304863,-0.20272827,0.19080925,0.18091908,ASD,SM,DM,SM-DM,SM-DM
181,181,181,1273,0.09197522,0.105112605,0.067175016,0.06017851,166,39,"Middle cingulate cortex ([MCC], 39)",40,"Inferior frontal gyrus ([IFG], 40)",0.0296896273309089,0.012046322,-0.042937953,0.23603883,0.2549437,ASD,CC,CC,CC-CC,CC-CC
182,182,182,547,0.09445055,0.056592807,0.09903604,0.08060875,183,12,"Superior parietal lobule ([SPL], 12)",43,Precuneus (43),0.0342617368238101,-0.009465667,-0.053953275,0.2216648,0.18608049,ASD,SM,DM,SM-DM,SM-DM
183,183,183,380,0.09508058,0.21828356,0.0059411083,0.11731526,205,8,"Postcentral gyrus ([PoCG], 8)",46,"Posterior cingulate cortex ([PCC], 46)",0.0407835989315964,-0.042760793,-0.09718425,0.26665094,0.2508234,ASD,SM,DM,SM-DM,SM-DM
184,184,184,1247,0.09515441,0.102607034,0.07305626,0.12126038,86,37,"Hippocampus ([HiPP], 37)",43,Precuneus (43),0.008179213266588,-0.11394708,-0.06736728,0.16723445,0.1744939,TD,CC,DM,CC-DM,CC-DM
185,185,185,1157,0.095797375,0.116083294,0.06610941,-0.025286322,9,32,"Inferior parietal lobule ([IPL], 32)",43,Precuneus (43),2.972339942066416e-05,0.13618146,0.03540138,0.2347596,0.23063746,ASD,CC,DM,CC-DM,CC-DM
186,186,186,321,0.09637218,0.16644931,0.037738804,-0.0510349,52,7,"Middle temporal gyrus ([MTG], 7)",32,"Inferior parietal lobule ([IPL], 32)",0.0035227845721262,-0.018557508,0.047719575,0.20832264,0.23116988,TD,AUD,CC,AUD-CC,AUD-CC
187,187,187,1263,0.098140694,0.15337183,0.04899413,0.008933206,3,38,"Left inferior parietal lobule ([L IPL], 38)",44,Precuneus (44),1.3136262134902832e-05,-0.20825744,-0.30873936,0.23479445,0.2090312,ASD,CC,DM,CC-DM,CC-DM
188,188,188,994,0.10031889,0.14260189,0.057523973,-0.008421663,179,25,"Middle temporal gyrus ([MTG], 25)",48,Precuneus (48),0.033161559307864,-0.032473885,0.024811104,0.23528723,0.28443328,TD,VIS,DM,VIS-DM,VIS-DM
189,189,189,800,0.10041422,0.14133064,0.057935867,-0.03810917,8,19,"Middle temporal gyrus ([MTG], 19)",37,"Hippocampus ([HiPP], 37)",2.552384549494731e-05,-0.0525401,-0.18999943,0.30996075,0.31917733,ASD,VIS,CC,VIS-CC,VIS-CC
190,190,190,169,0.10238229,0.05752497,0.10919176,-0.030710353,203,4,Caudate (4),21,"Right middle occipital gyrus ([R MOG], 21)",0.0404405715812758,-0.061258893,-0.109886885,0.24478716,0.21639161,ASD,SC,VIS,SC-VIS,SC-VIS
191,191,191,509,0.10372649,0.22194222,0.01581866,-0.0069326693,59,11,"Right postcentral gyrus ([R PoCG], 11)",46,"Posterior cingulate cortex ([PCC], 46)",0.0048534639653502,-0.04348352,-0.110626385,0.22829224,0.23406665,ASD,SM,DM,SM-DM,SM-DM
192,192,192,209,0.10877061,0.010769242,0.14517623,-0.0847964,40,5,Thalamus (5),13,"Paracentral lobule ([ParaCL], 13)",0.0021959943374788,-0.0075604916,0.07966047,0.26894036,0.28269988,TD,SC,SM,SC-SM,SC-SM
193,193,193,1057,0.10948166,0.07046266,0.11177785,0.14665516,22,28,"Superior medial frontal gyrus ([SMFG], 28)",33,"Left inferior parietal lobue ([R IPL], 33)",0.000460894931292,-0.24687475,-0.33231866,0.23991525,0.23211451,ASD,CC,CC,CC-CC,CC-CC
194,194,194,171,0.11098512,0.114227474,0.08908164,0.02571839,158,4,Caudate (4),23,"Inferior occipital gyrus ([IOG], 23)",0.0264057820641903,-0.073019505,-0.12881209,0.24404298,0.2444701,ASD,SC,VIS,SC-VIS,SC-VIS
195,195,195,617,0.11313761,0.17087854,0.05916034,0.071693435,126,14,"Precentral gyrus ([PreCG], 14)",34,"Supplementary motor area ([SMA], 34)",0.0191508788295039,0.24418741,0.18629493,0.24893993,0.23130617,ASD,SM,CC,SM-CC,SM-CC
196,196,196,379,0.11463416,0.18118927,0.05464419,0.14559536,221,8,"Postcentral gyrus ([PoCG], 8)",45,"Anterior cingulate cortex ([ACC], 45)",0.0470974488130917,-0.10855549,-0.14902253,0.20605166,0.19041178,ASD,SM,DM,SM-DM,SM-DM
197,197,197,989,0.1153933,0.089093,0.11007008,-0.1058342,117,25,"Middle temporal gyrus ([MTG], 25)",43,Precuneus (43),0.0155715864566329,-0.05846676,-0.004686669,0.18206955,0.24426512,TD,VIS,DM,VIS-DM,VIS-DM
198,198,198,1260,0.115805104,0.10904852,0.09819757,0.008312443,4,38,"Left inferior parietal lobule ([L IPL], 38)",41,"Middle frontal gyrus ([MiFG], 41)",1.441667750206283e-05,0.042526644,-0.05734108,0.22426303,0.21931629,ASD,CC,CC,CC-CC,CC-CC
199,199,199,814,0.11841509,0.041071624,0.14249337,-0.040418047,114,19,"Middle temporal gyrus ([MTG], 19)",51,"Cerebellum ([CB], 51)",0.0148519775499056,-0.06143022,-0.142116,0.30764925,0.33476412,ASD,VIS,CB,VIS-CB,VIS-CB
200,200,200,215,0.118628204,0.1543366,0.07579047,-0.0048766267,122,5,Thalamus (5),19,"Middle temporal gyrus ([MTG], 19)",0.0169283073100907,0.06886214,-0.016221983,0.32836396,0.36239466,ASD,SC,VIS,SC-VIS,SC-VIS
201,201,201,516,0.12762974,0.013002638,0.17012589,0.0970709,99,11,"Right postcentral gyrus ([R PoCG], 11)",53,"Cerebellum ([CB], 53)",0.0109936596234659,-0.09031326,-0.1483024,0.21150419,0.23060355,ASD,SM,CB,SM-CB,SM-CB
202,202,202,903,0.12955433,0.19081019,0.069938645,-0.0062705516,26,22,Fusiform gyrus (22),44,Precuneus (44),0.0006766167853292,0.14393696,0.060414758,0.23560971,0.23991922,ASD,VIS,DM,VIS-DM,VIS-DM
203,203,203,1015,0.13056242,0.17758481,0.07890133,0.1454615,110,26,"Inferior parietal lobule ([IPL], 26)",42,"Hippocampus ([HiPP], 42)",0.0145259470312824,-0.19415806,-0.13158228,0.24130741,0.25562528,TD,CC,CC,CC-CC,CC-CC
204,204,204,1127,0.13450798,0.17214511,0.08757656,0.036138743,160,31,"Middle frontal gyrus ([MiFG], 31)",34,"Supplementary motor area ([SMA], 34)",0.0273560295032462,-0.08641813,-0.02962085,0.26145497,0.23889574,TD,CC,CC,CC-CC,CC-CC
205,205,205,1303,0.13528065,0.12616776,0.11543591,0.077356406,94,41,"Middle frontal gyrus ([MiFG], 41)",45,"Anterior cingulate cortex ([ACC], 45)",0.0098235703997928,0.26786432,0.19701047,0.28642648,0.24561214,ASD,CC,DM,CC-DM,CC-DM
206,206,206,821,0.13758764,0.16457127,0.09704938,-0.08512235,44,20,Cuneus (20),25,"Middle temporal gyrus ([MTG], 25)",0.002508018428164,-0.012693763,0.060002703,0.22966667,0.23645313,TD,VIS,VIS,VIS-VIS,VIS-VIS
207,207,207,587,0.14486907,0.04377128,0.17631283,-0.06318518,30,13,"Paracentral lobule ([ParaCL], 13)",43,Precuneus (43),0.0011094049665448,-0.054259058,-0.12746799,0.22537789,0.2093806,ASD,SM,DM,SM-DM,SM-DM
208,208,208,1170,0.14682147,0.13385372,0.12691359,0.09663286,80,33,"Left inferior parietal lobue ([R IPL], 33)",36,"Middle frontal gyrus ([MiFG], 36)",0.007316583344054,0.07550878,0.13985986,0.23699534,0.2288116,TD,CC,CC,CC-CC,CC-CC
209,209,209,828,0.14792448,0.110168666,0.14216737,0.20306839,90,20,Cuneus (20),32,"Inferior parietal lobule ([IPL], 32)",0.0085573204156541,-0.054357253,-0.110244334,0.21221448,0.2005095,ASD,VIS,CC,VIS-CC,VIS-CC
210,210,210,719,0.1494358,0.19168809,0.097614124,-0.062283058,181,17,"Calcarine gyrus ([CalcarineG], 17)",25,"Middle temporal gyrus ([MTG], 25)",0.0334624282749552,-0.0007931736,0.05300506,0.23627092,0.25497833,TD,VIS,VIS,VIS-VIS,VIS-VIS
211,211,211,1152,0.14984795,0.09589843,0.15473945,-0.04269172,130,32,"Inferior parietal lobule ([IPL], 32)",38,"Left inferior parietal lobule ([L IPL], 38)",0.0194569398805562,0.2772203,0.3323562,0.2168536,0.24064225,TD,CC,CC,CC-CC,CC-CC
212,212,212,222,0.153297,0.15931779,0.12117314,0.19287653,191,5,Thalamus (5),26,"Inferior parietal lobule ([IPL], 26)",0.0360172506973855,-0.053159755,-0.0057251197,0.21005659,0.22913006,TD,SC,CC,SC-CC,SC-CC
213,213,213,1147,0.15591018,0.11474196,0.15121749,0.0051848516,95,32,"Inferior parietal lobule ([IPL], 32)",33,"Left inferior parietal lobue ([R IPL], 33)",0.0101501657029014,0.2693967,0.33174834,0.2306672,0.24006459,TD,CC,CC,CC-CC,CC-CC
214,214,214,217,0.16972995,0.16652374,0.13997687,-0.008867769,217,5,Thalamus (5),21,"Right middle occipital gyrus ([R MOG], 21)",0.0461427095526602,-0.03276815,-0.08352407,0.2537095,0.2414854,ASD,SC,VIS,SC-VIS,SC-VIS
215,215,215,333,0.18834269,0.1652776,0.16796447,-0.06476478,111,7,"Middle temporal gyrus ([MTG], 7)",44,Precuneus (44),0.0145688727305251,-0.22888751,-0.28548554,0.21857074,0.23110773,ASD,AUD,DM,AUD-DM,AUD-DM
216,216,216,1262,0.19589438,0.12337445,0.20159547,-0.107913435,41,38,"Left inferior parietal lobule ([L IPL], 38)",43,Precuneus (43),0.0024040890350666,-0.050401032,-0.116624355,0.22434306,0.19829209,ASD,CC,DM,CC-DM,CC-DM
217,217,217,1128,0.20056273,0.16512768,0.18429737,-0.07476685,150,31,"Middle frontal gyrus ([MiFG], 31)",35,"Superior frontal gyrus ([SFG], 35)",0.0244995855552538,0.23735529,0.18223846,0.23963001,0.23675248,ASD,CC,CC,CC-CC,CC-CC
218,218,218,204,0.2067747,0.19643581,0.17478888,0.0629925,56,5,Thalamus (5),8,"Postcentral gyrus ([PoCG], 8)",0.0038662242108334,0.0767847,-0.0050570588,0.26402763,0.28470328,ASD,SC,SM,SC-SM,SC-SM
219,219,219,1162,0.20854399,0.23030053,0.15694265,0.02594646,91,32,"Inferior parietal lobule ([IPL], 32)",48,Precuneus (48),0.0086886846153714,0.12407724,0.06215318,0.23077765,0.22743657,ASD,CC,DM,CC-DM,CC-DM
220,220,220,745,0.21192653,0.20913938,0.17393447,0.028203703,165,17,"Calcarine gyrus ([CalcarineG], 17)",51,"Cerebellum ([CB], 51)",0.0295863385683936,-0.08255338,-0.13498808,0.21957885,0.24765946,ASD,VIS,CB,VIS-CB,VIS-CB
221,221,221,931,0.21883549,0.1458105,0.22061282,0.12325441,112,23,"Inferior occipital gyrus ([IOG], 23)",42,"Hippocampus ([HiPP], 42)",0.0148277127999549,0.044731505,-0.019544948,0.24370632,0.26777664,ASD,VIS,CC,VIS-CC,VIS-CC
222,222,222,282,0.22086889,0.18362138,0.20116146,-0.0009391818,34,6,"Superior temporal gyrus ([STG], 6)",39,"Middle cingulate cortex ([MCC], 39)",0.0014883871025952,-0.10147056,-0.17837688,0.2134044,0.25317925,ASD,AUD,CC,AUD-CC,AUD-CC
223,223,223,269,0.22923256,0.26020676,0.16855101,0.016086835,154,6,"Superior temporal gyrus ([STG], 6)",26,"Inferior parietal lobule ([IPL], 26)",0.0259130970832846,-0.149963,-0.19939986,0.23069286,0.20022558,ASD,AUD,CC,AUD-CC,AUD-CC
224,224,224,971,0.2325487,0.1938814,0.21232127,-0.12579954,85,24,"Lingual gyrus ([LingualG], 24)",53,"Cerebellum ([CB], 53)",0.008048098662071,-0.04425359,-0.10218899,0.21268448,0.2117451,ASD,VIS,CB,VIS-CB,VIS-CB
