,Unnamed: 0,Connectivity_Index,P_values,ADOS_Correlation,ROI_1_Index,ROI_2_Index,ROI_1_Name,ROI_2_Name,ASD_Mean,TD_Mean,ASD_STD,TD_STD,Dominant_Group
0,176,1323,0.005428959,-0.31495157,43,44,Precuneus (43),Precuneus (44),0.3148740569689964,0.3902772154213742,0.2296912427827892,0.2410293466973501,TD
1,178,1328,0.026523316,-0.26340932,43,49,Precuneus (43),"Posterior cingulate cortex ([PCC], 49)",0.3319385961244188,0.3958968162633762,0.255540761375719,0.2474021996314844,TD
2,103,967,0.013457352,-0.262553,24,49,"Lingual gyrus ([LingualG], 24)","Posterior cingulate cortex ([PCC], 49)",0.165874770871395,0.1099855857973575,0.1869776545640951,0.2051921858815191,ASD
3,120,1069,0.0035028155,-0.22801903,28,45,"Superior medial frontal gyrus ([SMFG], 28)","Anterior cingulate cortex ([ACC], 45)",0.3020883569738233,0.3858544544208072,0.2519803186844726,0.2468848240936223,TD
4,112,1004,0.02189244,-0.20038794,26,31,"Inferior parietal lobule ([IPL], 26)","Middle frontal gyrus ([MiFG], 31)",0.2475289224697425,0.1866917924205742,0.216913145835562,0.2431129819598148,ASD
5,73,643,0.0008245373,-0.19401357,15,22,"Superior parietal lobule ([SPL], 15)",Fusiform gyrus (22),-0.0540098316136188,0.0372420081247756,0.2168285211657552,0.2526364659351842,TD
6,90,773,0.014767722,-0.1777969,18,44,"Middle occipital gyrus ([MOG], 18)",Precuneus (44),0.0856637792620943,0.0196060886018585,0.2266520808454815,0.2437796957388404,ASD
7,159,1220,0.0006596395,-0.16043493,35,49,"Superior frontal gyrus ([SFG], 35)","Posterior cingulate cortex ([PCC], 49)",0.3301163626779654,0.4307175290580898,0.2688947151288772,0.2441300563012698,TD
8,78,676,0.020169314,-0.16025947,16,18,"Postcentral gyrus ([PoCG], 16)","Middle occipital gyrus ([MOG], 18)",-0.1121271805469592,-0.0529355537907378,0.2337857941040117,0.211002363242014,TD
9,97,893,0.0016453767,-0.15488614,22,34,Fusiform gyrus (22),"Supplementary motor area ([SMA], 34)",-0.0437053315545959,-0.120232887023543,0.2136277927263177,0.2086788215435882,ASD
10,162,1233,0.0043366794,-0.15383859,36,45,"Middle frontal gyrus ([MiFG], 36)","Anterior cingulate cortex ([ACC], 45)",0.0204744342428113,-0.0585585865695338,0.23051806604829,0.249509938355051,ASD
11,169,1284,0.03156807,-0.14860934,39,51,"Middle cingulate cortex ([MCC], 39)","Cerebellum ([CB], 51)",-0.094470019756248,-0.0344833315807859,0.2340870246024519,0.250975405094288,TD
12,180,1336,0.0013540427,-0.14785504,44,48,Precuneus (44),Precuneus (48),0.1184114558760305,0.2107801100381677,0.2514523769354175,0.2489427455148523,TD
13,185,1345,7.1255636e-05,-0.1445271,45,49,"Anterior cingulate cortex ([ACC], 45)","Posterior cingulate cortex ([PCC], 49)",0.3066474543110237,0.4191080138401602,0.2446487384597059,0.2444755002684832,TD
14,91,778,0.0033943753,-0.14357707,18,49,"Middle occipital gyrus ([MOG], 18)","Posterior cingulate cortex ([PCC], 49)",0.096663693105186,0.0182697097886138,0.2382969376121027,0.2272912608077639,ASD
15,177,1324,0.0032365865,-0.14335066,43,45,Precuneus (43),"Anterior cingulate cortex ([ACC], 45)",0.1283664631130134,0.2059782547380221,0.2446671377758737,0.2143160781468436,TD
16,184,1344,0.045762677,-0.14167814,45,48,"Anterior cingulate cortex ([ACC], 45)",Precuneus (48),0.0062943161855564,0.0579763853281208,0.2419500418120995,0.2102626042361584,TD
17,173,1293,0.02512553,-0.13973051,40,47,"Inferior frontal gyrus ([IFG], 40)","Anterior cingulate cortex ([ACC], 47)",-0.026721843493153,-0.0866424550275311,0.2437380472684504,0.2234425900938177,ASD
18,139,1159,0.008276806,-0.13910998,32,45,"Inferior parietal lobule ([IPL], 32)","Anterior cingulate cortex ([ACC], 45)",-0.1120967729744019,-0.184497035726035,0.2467912829400489,0.2310493637013481,ASD
19,102,962,0.026472256,-0.13781026,24,44,"Lingual gyrus ([LingualG], 24)",Precuneus (44),0.1436342500672108,0.0922174924109668,0.1802547672086043,0.2191765685804601,ASD
20,167,1277,0.0032235323,-0.12916707,39,44,"Middle cingulate cortex ([MCC], 39)",Precuneus (44),-0.0769496483959222,0.0029912371200726,0.2380956362843684,0.2337352800531925,TD
21,146,1178,0.0055307476,-0.12058705,33,44,"Left inferior parietal lobue ([R IPL], 33)",Precuneus (44),-0.253542558259776,-0.3238756830727765,0.2377502941457991,0.203986501532861,ASD
22,46,388,0.016880961,-0.119973056,9,10,"Left postcentral gyrus ([L PoCG], 9)","Paracentral lobule ([ParaCL], 10)",0.1552077847404601,0.2302064582184152,0.258535916726163,0.2857741254401121,TD
23,67,627,0.018860418,-0.117014766,14,44,"Precentral gyrus ([PreCG], 14)",Precuneus (44),-0.1901015512933133,-0.257198544894153,0.2705966821464984,0.2280964840307591,ASD
24,157,1216,0.00021902863,-0.116894476,35,45,"Superior frontal gyrus ([SFG], 35)","Anterior cingulate cortex ([ACC], 45)",0.1564188750987506,0.2515944664259261,0.2335665903753543,0.2129162011347566,TD
25,19,140,0.022616819,-0.11179933,3,41,Putamen (3),"Middle frontal gyrus ([MiFG], 41)",-0.047605336417081,0.0104438945817034,0.2179244702045146,0.2252255852831567,TD
26,121,1070,0.022321185,-0.10929963,28,46,"Superior medial frontal gyrus ([SMFG], 28)","Posterior cingulate cortex ([PCC], 46)",0.0984156037777706,0.1604363495733928,0.248056391887365,0.2258443875234544,TD
27,4,49,0.0049383575,-0.10432326,1,51,Caudate (1),"Cerebellum ([CB], 51)",-0.046660878170316,0.0262145326687827,0.2237002857402562,0.226838526564683,TD
28,53,471,0.0044671767,-0.10405372,10,50,"Paracentral lobule ([ParaCL], 10)","Cerebellum ([CB], 50)",-0.0573805395841641,-0.1379477576471903,0.2286828396351667,0.2608249141760727,ASD
29,77,658,0.004943681,-0.1040407,15,37,"Superior parietal lobule ([SPL], 15)","Hippocampus ([HiPP], 37)",-0.0947903691830512,-0.030345809130335,0.1817017890701455,0.2136196380597222,TD
30,98,894,0.004206116,-0.10229826,22,35,Fusiform gyrus (22),"Superior frontal gyrus ([SFG], 35)",-0.028390381218058,0.0534864175662068,0.2509166703804819,0.2465864648612792,TD
31,49,432,0.04905803,-0.100284226,10,11,"Paracentral lobule ([ParaCL], 10)","Right postcentral gyrus ([R PoCG], 11)",0.1605962115962983,0.218574308777456,0.2585707504559731,0.2555054633935307,TD
32,88,762,0.010757167,-0.09686776,18,33,"Middle occipital gyrus ([MOG], 18)","Left inferior parietal lobue ([R IPL], 33)",-0.1168459840983806,-0.0529305411934488,0.210479340082595,0.2245958872899827,TD
33,132,1115,0.00070673355,-0.0965247,30,44,"Right inferior frontal gyrus ([R IFG], 30)",Precuneus (44),-0.0804529486374226,-0.1728197463237254,0.2122439741001299,0.2557366996961701,ASD
34,99,907,0.021662299,-0.09645935,22,48,Fusiform gyrus (22),Precuneus (48),-0.0636424564511327,0.0015282220325576,0.2340636646332026,0.2583057485320361,TD
35,72,642,0.0044296337,-0.095673345,15,21,"Superior parietal lobule ([SPL], 15)","Right middle occipital gyrus ([R MOG], 21)",0.0784202177807363,0.1609514717735212,0.2499446144112739,0.2539349622414314,TD
36,48,390,0.00065256015,-0.09480793,9,12,"Left postcentral gyrus ([L PoCG], 9)","Superior parietal lobule ([SPL], 12)",0.2484704749311968,0.3513355077857965,0.253448285415884,0.2684543696591228,TD
37,108,983,0.0013156764,-0.09444293,25,37,"Middle temporal gyrus ([MTG], 25)","Hippocampus ([HiPP], 37)",0.0947400840917191,0.0070342478061715,0.2090769523232157,0.2588460541114998,ASD
38,89,772,0.024108987,-0.09101217,18,43,"Middle occipital gyrus ([MOG], 18)",Precuneus (43),0.0850953633493659,0.0228592173105868,0.2497134746357928,0.231988849545695,ASD
39,152,1185,0.013465221,-0.08614026,33,51,"Left inferior parietal lobue ([R IPL], 33)","Cerebellum ([CB], 51)",-0.1537947921111159,-0.0874175237820944,0.2109285966278166,0.2522778918940169,TD
40,74,646,0.00021547294,-0.08613008,15,25,"Superior parietal lobule ([SPL], 15)","Middle temporal gyrus ([MTG], 25)",0.0877742087746293,0.1914442654140019,0.2410291828144439,0.2436378639580916,TD
41,82,714,0.005483618,-0.08352631,17,20,"Calcarine gyrus ([CalcarineG], 17)",Cuneus (20),0.5723666002879552,0.4875002751347751,0.2382236912577901,0.287689636442564,ASD
42,27,196,0.019052168,-0.08313568,4,48,Caudate (4),Precuneus (48),-0.0720646817138082,-0.1345196569317067,0.2395216801475536,0.2252563241798631,ASD
43,186,1363,0.013470525,-0.07996999,48,49,Precuneus (48),"Posterior cingulate cortex ([PCC], 49)",0.133073037192877,0.2049496438324348,0.2694567070339579,0.2380746002756893,TD
44,68,628,0.008413788,-0.07605848,14,45,"Precentral gyrus ([PreCG], 14)","Anterior cingulate cortex ([ACC], 45)",-0.0837576439457341,-0.1589027314266734,0.2724673512387792,0.2245434673165336,ASD
45,130,1110,0.013780653,-0.07588434,30,39,"Right inferior frontal gyrus ([R IFG], 30)","Middle cingulate cortex ([MCC], 39)",0.0163957087812894,-0.0390089431762351,0.1927452306225788,0.1985490758671352,ASD
46,2,32,0.04352292,-0.07454994,1,34,Caudate (1),"Supplementary motor area ([SMA], 34)",0.0273392079475433,-0.0213401138195139,0.2165368230802205,0.2046528869852908,ASD
47,124,1087,0.01792748,-0.07440152,29,39,"Inferior frontal gyrus ([IFG], 29)","Middle cingulate cortex ([MCC], 39)",0.0032726438010753,-0.056826881123362,0.2150006465716425,0.2263894590721644,ASD
48,160,1222,0.01704003,-0.07384486,35,51,"Superior frontal gyrus ([SFG], 35)","Cerebellum ([CB], 51)",0.1063979723593003,0.0375650642264476,0.2652825878641674,0.2382632629639743,ASD
49,41,346,0.031638138,-0.07086781,8,12,"Postcentral gyrus ([PoCG], 8)","Superior parietal lobule ([SPL], 12)",0.0691714294964746,0.1271734672226373,0.2354061893418332,0.2351551441900046,TD
50,163,1236,0.023477873,-0.0704242,36,48,"Middle frontal gyrus ([MiFG], 36)",Precuneus (48),0.0803611625617851,0.0145479631083084,0.2638441276691172,0.2432857144016438,ASD
51,150,1183,0.045418072,-0.0695153,33,49,"Left inferior parietal lobue ([R IPL], 33)","Posterior cingulate cortex ([PCC], 49)",-0.2941748633593997,-0.3506006894292243,0.2612110288397707,0.2317198752985424,ASD
52,85,726,0.041126028,-0.066317454,17,32,"Calcarine gyrus ([CalcarineG], 17)","Inferior parietal lobule ([IPL], 32)",-0.166543219094749,-0.216342687492035,0.2230408192325765,0.2030437446190746,ASD
53,50,433,0.043895733,-0.061071735,10,12,"Paracentral lobule ([ParaCL], 10)","Superior parietal lobule ([SPL], 12)",0.3439949440675975,0.412290859839723,0.2907705115964624,0.2997157260470512,TD
54,47,389,0.03859918,-0.06017721,9,11,"Left postcentral gyrus ([L PoCG], 9)","Right postcentral gyrus ([R PoCG], 11)",0.348730757967752,0.4145705051947464,0.2568729064043524,0.2945025273698758,TD
55,18,136,0.0053120796,-0.059627227,3,37,Putamen (3),"Hippocampus ([HiPP], 37)",0.0883795985754385,0.0020491499618342,0.2578613727646394,0.2789151834162864,ASD
56,170,1287,0.014301655,-0.05519482,40,41,"Inferior frontal gyrus ([IFG], 40)","Middle frontal gyrus ([MiFG], 41)",0.2512182708266117,0.1818891401958274,0.2690959809722119,0.2246233710687247,ASD
57,83,718,0.02432888,-0.05294378,17,24,"Calcarine gyrus ([CalcarineG], 17)","Lingual gyrus ([LingualG], 24)",0.505237062816901,0.4306445480134722,0.2787267400087999,0.2970606983496984,ASD
58,3,46,0.021492586,-0.048964016,1,48,Caudate (1),Precuneus (48),-0.0827195218703056,-0.1409225653047612,0.2393563627991386,0.2025631478560301,ASD
59,114,1019,0.031578895,-0.047494676,26,46,"Inferior parietal lobule ([IPL], 26)","Posterior cingulate cortex ([PCC], 46)",0.1502039864650006,0.2032996921194616,0.2170006151138047,0.2137861130276898,TD
60,25,187,0.0125733,-0.043879796,4,39,Caudate (4),"Middle cingulate cortex ([MCC], 39)",0.0707444109860196,0.0097169248774605,0.2032568128871177,0.2209866678249301,ASD
61,81,712,0.009715861,-0.043155216,17,18,"Calcarine gyrus ([CalcarineG], 17)","Middle occipital gyrus ([MOG], 18)",0.2238588118871847,0.1387821684474756,0.2973244476499292,0.2762744531206306,ASD
62,117,1044,0.045666218,-0.04300334,27,45,Insula (27),"Anterior cingulate cortex ([ACC], 45)",0.0342099898984327,-0.0215024962310628,0.2544102885757157,0.232758646559612,ASD
63,65,618,0.0010927557,-0.041565504,14,35,"Precentral gyrus ([PreCG], 14)","Superior frontal gyrus ([SFG], 35)",-0.1241738617187524,-0.2335147474647177,0.3055361889892747,0.2764811832132016,ASD
64,29,202,0.008634385,-0.040960465,5,6,Thalamus (5),"Superior temporal gyrus ([STG], 6)",0.1138688523745882,0.0396885077543098,0.2442756796500353,0.247054663123124,ASD
65,179,1333,4.8221493e-05,-0.039474163,44,45,Precuneus (44),"Anterior cingulate cortex ([ACC], 45)",0.2067134354210145,0.3235061517538902,0.2474976308654834,0.2485822739886587,TD
66,52,447,0.0200796,-0.037855152,10,26,"Paracentral lobule ([ParaCL], 10)","Inferior parietal lobule ([IPL], 26)",0.0095662722553411,-0.047766885131013,0.2171785023940627,0.2127364152100895,ASD
67,8,83,0.009782173,-0.03651821,2,34,Subthalamus/hypothalamus (2),"Supplementary motor area ([SMA], 34)",0.0315507635899447,-0.0308275291546007,0.2142265128238895,0.2064395902849799,ASD
68,156,1215,0.00047068438,-0.035445254,35,44,"Superior frontal gyrus ([SFG], 35)",Precuneus (44),0.1672198331740002,0.2726612490228691,0.2616927743465835,0.2607777690609243,TD
69,24,185,0.000113127346,-0.03381909,4,37,Caudate (4),"Hippocampus ([HiPP], 37)",0.1725573724068732,0.0566217803018207,0.2517897890887374,0.2662380665036842,ASD
70,147,1179,0.006785631,-0.032874655,33,45,"Left inferior parietal lobue ([R IPL], 33)","Anterior cingulate cortex ([ACC], 45)",-0.1695394210301213,-0.2406367451395713,0.2461672769399454,0.211594481165641,ASD
71,7,75,0.01770243,-0.031970378,2,26,Subthalamus/hypothalamus (2),"Inferior parietal lobule ([IPL], 26)",-0.1158320663592114,-0.0606222108628343,0.1934851816329139,0.2105378071655574,TD
72,70,632,0.032862794,-0.031859774,14,49,"Precentral gyrus ([PreCG], 14)","Posterior cingulate cortex ([PCC], 49)",-0.144956120145008,-0.2065089940529505,0.2652909735703724,0.2386593309323032,ASD
73,105,978,0.02447734,-0.029535875,25,32,"Middle temporal gyrus ([MTG], 25)","Inferior parietal lobule ([IPL], 32)",-0.049497465010451,0.0110692793495084,0.2237880008232638,0.243713988783292,TD
74,171,1290,0.042557735,-0.029091028,40,44,"Inferior frontal gyrus ([IFG], 40)",Precuneus (44),-0.1500517713921351,-0.2079885724599754,0.2682614078515911,0.231000468791636,ASD
75,1,25,0.04413835,-0.028166989,1,27,Caudate (1),Insula (27),0.1316840279938368,0.0830484403835426,0.217309800551767,0.2047621920864774,ASD
76,104,972,0.0057189786,-0.026852492,25,26,"Middle temporal gyrus ([MTG], 25)","Inferior parietal lobule ([IPL], 26)",-0.0916810151048407,-0.0165747802646669,0.2266397024907939,0.2445167866473188,TD
77,154,1207,0.03209203,-0.026818667,35,36,"Superior frontal gyrus ([SFG], 35)","Middle frontal gyrus ([MiFG], 36)",-0.0874825931906185,-0.1492732669202464,0.2426474529967595,0.2586847020760511,ASD
78,131,1111,0.028590133,-0.025792383,30,40,"Right inferior frontal gyrus ([R IFG], 30)","Inferior frontal gyrus ([IFG], 40)",0.1266253787520598,0.1875915869078935,0.2315513871628736,0.2521398036651345,TD
79,145,1177,0.028388707,-0.024569044,33,43,"Left inferior parietal lobue ([R IPL], 33)",Precuneus (43),-0.1549348883125947,-0.2087718849653539,0.2302959941999599,0.198718816239877,ASD
80,101,956,0.018531727,-0.02453877,24,38,"Lingual gyrus ([LingualG], 24)","Left inferior parietal lobule ([L IPL], 38)",-0.1855448070079327,-0.1330419477927904,0.2015123679800402,0.1875413572194685,TD
81,153,1192,0.0135685,-0.024054844,34,39,"Supplementary motor area ([SMA], 34)","Middle cingulate cortex ([MCC], 39)",0.041549901031573,-0.0189114100676534,0.2077482170946006,0.2179613291408947,ASD
82,133,1120,0.007946707,-0.023590945,30,49,"Right inferior frontal gyrus ([R IFG], 30)","Posterior cingulate cortex ([PCC], 49)",-0.0182101297344479,-0.0928177649458868,0.2374118268471497,0.2506106046740652,ASD
83,35,291,0.00824743,-0.022588372,6,48,"Superior temporal gyrus ([STG], 6)",Precuneus (48),-0.0275789735308169,-0.0991932434019199,0.2390489384899911,0.232990005799538,ASD
84,45,384,0.044521835,-0.020709889,8,50,"Postcentral gyrus ([PoCG], 8)","Cerebellum ([CB], 50)",-0.0398586023419366,0.0155028696566397,0.2215178848820987,0.2556723005342967,TD
85,113,1013,0.017361362,-0.020570721,26,40,"Inferior parietal lobule ([IPL], 26)","Inferior frontal gyrus ([IFG], 40)",0.2359497927488934,0.1646188174503782,0.2754244132064778,0.2479122931381866,ASD
86,181,1337,0.008492973,-0.020121628,44,49,Precuneus (44),"Posterior cingulate cortex ([PCC], 49)",0.4702783398335218,0.5445642254064105,0.2352834938606814,0.2542796634986067,TD
87,44,377,0.023814658,-0.015954643,8,43,"Postcentral gyrus ([PoCG], 8)",Precuneus (43),-0.1991203827115684,-0.248586183115492,0.2016076426680197,0.180577504338545,ASD
88,168,1280,0.008466074,-0.014949649,39,47,"Middle cingulate cortex ([MCC], 39)","Anterior cingulate cortex ([ACC], 47)",-0.0673919416712389,0.0012770343526741,0.2174557366563036,0.2349130264390105,TD
89,126,1103,0.009797254,-0.014039534,30,32,"Right inferior frontal gyrus ([R IFG], 30)","Inferior parietal lobule ([IPL], 32)",0.0558532924604516,0.1221370925944946,0.2333179322255963,0.214148383704451,TD
90,26,189,0.002677579,-0.013476571,4,41,Caudate (4),"Middle frontal gyrus ([MiFG], 41)",-0.0224810681200816,0.0588366895608456,0.2339255090477565,0.2363749720948645,TD
91,155,1211,0.042778566,-0.012380145,35,40,"Superior frontal gyrus ([SFG], 35)","Inferior frontal gyrus ([IFG], 40)",-0.0168364237008453,-0.0764179426372035,0.2475189139598942,0.2640870449586229,ASD
92,23,166,0.025919028,-0.011991352,4,18,Caudate (4),"Middle occipital gyrus ([MOG], 18)",-0.1135658660903013,-0.061032710670552,0.1943329006737227,0.2148794532915147,TD
93,33,261,0.0035626676,-0.009422062,6,18,"Superior temporal gyrus ([STG], 6)","Middle occipital gyrus ([MOG], 18)",-0.1549529882855357,-0.0862272578981871,0.2118655524654218,0.1985737123354304,TD
94,9,89,0.02332658,-0.007998097,2,40,Subthalamus/hypothalamus (2),"Inferior frontal gyrus ([IFG], 40)",-0.0056703647453128,0.0540298459810308,0.2198688416522822,0.2373643579711072,TD
95,116,1038,0.0015006051,-0.0076431623,27,39,Insula (27),"Middle cingulate cortex ([MCC], 39)",0.1557749992786741,0.0716114322286528,0.2228095860651032,0.2362660210915706,ASD
96,115,1025,0.036208794,-0.007348441,26,52,"Inferior parietal lobule ([IPL], 26)","Cerebellum ([CB], 52)",-0.0834555864711095,-0.0301654616279801,0.2221714493359457,0.2214979734166863,TD
97,32,230,0.017281894,-0.0071753925,5,34,Thalamus (5),"Supplementary motor area ([SMA], 34)",0.0339027082805757,-0.0231921521697524,0.1906124559005565,0.2236944197966211,ASD
98,107,981,0.005879291,-0.0066861603,25,35,"Middle temporal gyrus ([MTG], 25)","Superior frontal gyrus ([SFG], 35)",-0.0642703670093042,0.020329591261505,0.2555094730255963,0.2768482297589487,TD
99,128,1107,0.009022925,-0.0065753656,30,36,"Right inferior frontal gyrus ([R IFG], 30)","Middle frontal gyrus ([MiFG], 36)",0.0917925063492204,0.1642398365380954,0.2371138841193872,0.2451288903324958,TD
100,22,158,0.0041663125,-0.0061052665,4,10,Caudate (4),"Paracentral lobule ([ParaCL], 10)",-0.0252568581362901,-0.1028555908965122,0.2418792917291361,0.2295162137698286,ASD
101,54,481,0.0043533477,-0.0040172352,11,18,"Right postcentral gyrus ([R PoCG], 11)","Middle occipital gyrus ([MOG], 18)",-0.1119835176264214,-0.0453135553016706,0.2015459438060395,0.2047004050232096,TD
102,75,650,0.03421114,-0.0036477377,15,29,"Superior parietal lobule ([SPL], 15)","Inferior frontal gyrus ([IFG], 29)",-0.0872668336485281,-0.0340613962283213,0.2165900712982804,0.2211670893464115,TD
103,31,219,0.022115067,0.00047346225,5,23,Thalamus (5),"Inferior occipital gyrus ([IOG], 23)",-0.0863662943243625,-0.0273552912930392,0.2271764713964507,0.2224388088901303,TD
104,15,117,0.023825822,0.0023795117,3,18,Putamen (3),"Middle occipital gyrus ([MOG], 18)",-0.1143311523748783,-0.0558274574403418,0.2144194519506969,0.2349226348304707,TD
105,69,629,0.013350423,0.0032937273,14,46,"Precentral gyrus ([PreCG], 14)","Posterior cingulate cortex ([PCC], 46)",0.0296581747930265,-0.0425450510952318,0.2558413892904914,0.2524771025530664,ASD
106,118,1047,0.008026126,0.0056563704,27,48,Insula (27),Precuneus (48),-0.1092577233576768,-0.1779633742789473,0.2469663025849927,0.2047252545388671,ASD
107,174,1294,0.03226891,0.0063640303,40,48,"Inferior frontal gyrus ([IFG], 40)",Precuneus (48),-0.0471213998674676,-0.110265900090124,0.251440341313459,0.2619409078275858,ASD
108,100,951,0.009583763,0.006397299,24,33,"Lingual gyrus ([LingualG], 24)","Left inferior parietal lobue ([R IPL], 33)",-0.1577298348206267,-0.1030007700116271,0.189674767961657,0.1785625630881916,TD
109,11,105,0.023803392,0.01345101,3,6,Putamen (3),"Superior temporal gyrus ([STG], 6)",0.2031748837256348,0.1391878407678123,0.2422162576647143,0.2505114042587933,ASD
110,142,1166,0.0057978374,0.016029906,32,52,"Inferior parietal lobule ([IPL], 32)","Cerebellum ([CB], 52)",-0.0718880111366158,-0.006724563579296,0.2009261480726666,0.209205853378484,TD
111,134,1128,0.04604583,0.01646873,31,35,"Middle frontal gyrus ([MiFG], 31)","Superior frontal gyrus ([SFG], 35)",0.1165387014086073,0.0598963595421364,0.257003019138391,0.2390696241257638,ASD
112,13,110,0.029348468,0.01805467,3,11,Putamen (3),"Right postcentral gyrus ([R PoCG], 11)",0.0773454821067632,0.0195281048201981,0.2140258049156592,0.2454599591223551,ASD
113,136,1149,0.004126532,0.020080406,32,35,"Inferior parietal lobule ([IPL], 32)","Superior frontal gyrus ([SFG], 35)",0.0582432833464868,-0.028908298501324,0.2664487230400906,0.261967053815855,ASD
114,40,337,0.033629164,0.020989537,7,48,"Middle temporal gyrus ([MTG], 7)",Precuneus (48),-0.1230900821344122,-0.1805529356800617,0.2454245611983659,0.2269848896331864,ASD
115,55,487,0.03829588,0.021584362,11,24,"Right postcentral gyrus ([R PoCG], 11)","Lingual gyrus ([LingualG], 24)",-0.1253563928922394,-0.08113915488043,0.1844539375600436,0.1875300421788365,TD
116,51,446,0.023600971,0.021669995,10,25,"Paracentral lobule ([ParaCL], 10)","Middle temporal gyrus ([MTG], 25)",-0.0011452211745275,-0.0622795806783401,0.2214093022889789,0.2469079307513739,ASD
117,80,706,0.028841125,0.022029502,16,48,"Postcentral gyrus ([PoCG], 16)",Precuneus (48),-0.0069315953158547,-0.0681239066074218,0.2526165507036053,0.2361955932662181,ASD
118,66,619,0.015665838,0.022426002,14,36,"Precentral gyrus ([PreCG], 14)","Middle frontal gyrus ([MiFG], 36)",0.1671709210869788,0.2329991273578709,0.2372519167274038,0.2371680976276272,TD
119,71,637,0.021389022,0.022923687,15,16,"Superior parietal lobule ([SPL], 15)","Postcentral gyrus ([PoCG], 16)",0.104650945766513,0.041904504005113,0.236853155470217,0.2381854763001756,ASD
120,141,1164,0.008802096,0.023623195,32,50,"Inferior parietal lobule ([IPL], 32)","Cerebellum ([CB], 50)",0.0045574547222002,0.0696149517282598,0.2015276597714089,0.2281035641929996,TD
121,28,199,0.012036793,0.024065776,4,51,Caudate (4),"Cerebellum ([CB], 51)",-0.1202372005660302,-0.0522432786962128,0.2386036973531885,0.2331290626855779,TD
122,30,206,0.038049337,0.028229408,5,10,Thalamus (5),"Paracentral lobule ([ParaCL], 10)",0.006129462487184,-0.0503880921650931,0.238441759926275,0.2367826253442939,ASD
123,106,980,0.00019372717,0.032912664,25,34,"Middle temporal gyrus ([MTG], 25)","Supplementary motor area ([SMA], 34)",-0.013783032216869,-0.1115136949538504,0.2382675184385583,0.2163103881017969,ASD
124,14,113,0.049322627,0.03383805,3,14,Putamen (3),"Precentral gyrus ([PreCG], 14)",0.1231692183222237,0.0677470227095324,0.2114485381943739,0.2726134862746391,ASD
125,161,1227,0.008438372,0.034293056,36,39,"Middle frontal gyrus ([MiFG], 36)","Middle cingulate cortex ([MCC], 39)",0.1670483620752183,0.095984959853503,0.2323423450011957,0.236802280432662,ASD
126,123,1085,0.007029104,0.035289686,29,37,"Inferior frontal gyrus ([IFG], 29)","Hippocampus ([HiPP], 37)",-0.0069637206452778,-0.0699125370827097,0.1831158399836825,0.219212998547307,ASD
127,158,1218,0.02038005,0.03759405,35,47,"Superior frontal gyrus ([SFG], 35)","Anterior cingulate cortex ([ACC], 47)",0.0855111850961898,0.1431580711812361,0.2358021223068387,0.1980424033129365,TD
128,39,328,0.018888677,0.03789709,7,39,"Middle temporal gyrus ([MTG], 7)","Middle cingulate cortex ([MCC], 39)",0.0675453477921915,0.0023329853048315,0.218384238359561,0.2609046372716481,ASD
129,10,97,0.034699555,0.041631393,2,48,Subthalamus/hypothalamus (2),Precuneus (48),-0.0956366768908038,-0.1568865477836023,0.2601803547877867,0.2462175908134814,ASD
130,92,800,0.002360828,0.04286814,19,37,"Middle temporal gyrus ([MTG], 19)","Hippocampus ([HiPP], 37)",-0.0060321792849807,-0.1013772265195662,0.2708195857777287,0.2735969049860255,ASD
131,110,994,0.044326067,0.043678157,25,48,"Middle temporal gyrus ([MTG], 25)",Precuneus (48),-0.0204738665159626,0.0368148080316408,0.2410305790317294,0.2547676944729655,TD
132,12,108,0.009878749,0.04424408,3,9,Putamen (3),"Left postcentral gyrus ([L PoCG], 9)",0.1211253528103616,0.0473284559267541,0.2257538657798444,0.267611997342673,ASD
133,79,690,0.045475498,0.046895057,16,32,"Postcentral gyrus ([PoCG], 16)","Inferior parietal lobule ([IPL], 32)",0.074571437691448,0.1284464005280242,0.2240109814851632,0.2440659469245995,TD
134,0,4,0.026153967,0.047581848,1,6,Caudate (1),"Superior temporal gyrus ([STG], 6)",0.0499201541069094,-0.0041592545473887,0.2065860000567134,0.2164812310169356,ASD
135,127,1104,0.020178525,0.051651716,30,33,"Right inferior frontal gyrus ([R IFG], 30)","Left inferior parietal lobue ([R IPL], 33)",0.0958016437301938,0.1612284497640941,0.2476600743348607,0.2432994136401841,TD
136,119,1057,0.020675398,0.05224382,28,33,"Superior medial frontal gyrus ([SMFG], 28)","Left inferior parietal lobue ([R IPL], 33)",-0.2263529184866569,-0.2874916686870016,0.2290179137067269,0.2312027321353238,ASD
137,96,889,0.03126014,0.052911304,22,30,Fusiform gyrus (22),"Right inferior frontal gyrus ([R IFG], 30)",-0.0168693879462897,-0.0713606131166698,0.2180169365458766,0.222726575485937,ASD
138,95,874,0.012017756,0.05460254,21,46,"Right middle occipital gyrus ([R MOG], 21)","Posterior cingulate cortex ([PCC], 46)",0.0391824756110397,-0.020618136312757,0.1971905331612933,0.2157146660497595,ASD
139,151,1184,0.0017489587,0.0569571,33,50,"Left inferior parietal lobue ([R IPL], 33)","Cerebellum ([CB], 50)",0.051493204792037,0.1358663028113461,0.2144602400361127,0.249898850944862,TD
140,172,1291,0.0034702162,0.05989586,40,45,"Inferior frontal gyrus ([IFG], 40)","Anterior cingulate cortex ([ACC], 45)",-0.0475282701960859,-0.13159852177236,0.2684498178884064,0.2324470971515218,ASD
141,38,313,0.010516442,0.06049069,7,24,"Middle temporal gyrus ([MTG], 7)","Lingual gyrus ([LingualG], 24)",-0.1654405087364411,-0.1034023229882991,0.2180286130082235,0.2047051511906448,TD
142,37,309,0.013530896,0.061404433,7,20,"Middle temporal gyrus ([MTG], 7)",Cuneus (20),-0.212828364474873,-0.1585338744643346,0.17802953702761,0.2024525392911103,TD
143,144,1174,0.04614624,0.062168777,33,40,"Left inferior parietal lobue ([R IPL], 33)","Inferior frontal gyrus ([IFG], 40)",0.2688748316392622,0.3233570471658477,0.245222620382536,0.2320206703169409,TD
144,122,1081,0.026948683,0.067190304,29,33,"Inferior frontal gyrus ([IFG], 29)","Left inferior parietal lobue ([R IPL], 33)",0.0493974347927405,0.1067590123011415,0.2223435051662957,0.2291011966542247,TD
145,175,1296,0.041958295,0.06799455,40,50,"Inferior frontal gyrus ([IFG], 40)","Cerebellum ([CB], 50)",0.0316046675740721,0.0901473702480526,0.2415242965943047,0.2590279959588291,TD
146,129,1108,0.017633593,0.07247865,30,37,"Right inferior frontal gyrus ([R IFG], 30)","Hippocampus ([HiPP], 37)",-0.00971789437991,-0.0652723526970101,0.2037535562090418,0.2039925163134698,ASD
147,165,1273,0.013429643,0.073611856,39,40,"Middle cingulate cortex ([MCC], 39)","Inferior frontal gyrus ([IFG], 40)",0.0178566418475211,-0.0508107467928901,0.2460711425614691,0.2380284679001067,ASD
148,183,1343,0.044164505,0.073891155,45,47,"Anterior cingulate cortex ([ACC], 45)","Anterior cingulate cortex ([ACC], 47)",0.2130805714387793,0.2662275381491842,0.2383780164764855,0.2229585075002547,TD
149,164,1247,0.00053503347,0.07396365,37,43,"Hippocampus ([HiPP], 37)",Precuneus (43),-0.0805678760515366,-0.0038750033818031,0.1931068905035109,0.1908515875000898,TD
150,17,133,0.017302154,0.0758977,3,34,Putamen (3),"Supplementary motor area ([SMA], 34)",0.0516537241255844,-0.007657160242844,0.2165655873384646,0.2174196410954323,ASD
151,62,562,0.02035539,0.0760567,13,18,"Paracentral lobule ([ParaCL], 13)","Middle occipital gyrus ([MOG], 18)",-0.1646646242845729,-0.108095281308918,0.2104522817161962,0.2141642019667526,TD
152,182,1339,0.015281751,0.08055497,44,51,Precuneus (44),"Cerebellum ([CB], 51)",0.084728729098864,0.0217041123052526,0.2292789348213295,0.223557925871171,ASD
153,93,821,0.010428938,0.083994865,20,25,Cuneus (20),"Middle temporal gyrus ([MTG], 25)",-0.051080697507925,0.0166482991604012,0.228337972059253,0.2317061326452695,TD
154,109,989,0.04646439,0.08476783,25,43,"Middle temporal gyrus ([MTG], 25)",Precuneus (43),-0.0501001977730843,5.948155680406678e-05,0.2047852563133239,0.2320229070349895,TD
155,43,370,0.0054929284,0.08556281,8,36,"Postcentral gyrus ([PoCG], 8)","Middle frontal gyrus ([MiFG], 36)",0.0108247226522433,0.0765767641820231,0.2134061635219752,0.1990685922683989,TD
156,34,282,0.0019262262,0.09106873,6,39,"Superior temporal gyrus ([STG], 6)","Middle cingulate cortex ([MCC], 39)",0.0141432403538958,-0.0667580853997508,0.2114479100365194,0.2388679738520323,ASD
157,5,58,0.0008902394,0.09352183,2,9,Subthalamus/hypothalamus (2),"Left postcentral gyrus ([L PoCG], 9)",0.0960318764067837,0.0149743914494768,0.2088118993316108,0.2138499042004486,ASD
158,64,617,0.03653211,0.09553791,14,34,"Precentral gyrus ([PreCG], 14)","Supplementary motor area ([SMA], 34)",0.1782032600012273,0.121809639808942,0.240747258640026,0.2301004705239984,ASD
159,143,1173,0.023588482,0.09624958,33,39,"Left inferior parietal lobue ([R IPL], 33)","Middle cingulate cortex ([MCC], 39)",-0.0041541673587782,-0.0658664666161291,0.2158411841152179,0.255069372282718,ASD
160,148,1180,0.028567636,0.09707904,33,46,"Left inferior parietal lobue ([R IPL], 33)","Posterior cingulate cortex ([PCC], 46)",-0.0564166417708754,-0.1158522341006676,0.2345320912483269,0.2384016712882226,ASD
161,57,511,0.047331896,0.103719115,11,48,"Right postcentral gyrus ([R PoCG], 11)",Precuneus (48),-0.0342997892718434,-0.0852008998755419,0.2382932820448507,0.2103144161250364,ASD
162,125,1092,0.049516607,0.106715925,29,44,"Inferior frontal gyrus ([IFG], 29)",Precuneus (44),-0.1102417417575263,-0.1625829435639283,0.2469872781021038,0.2188481199235134,ASD
163,86,745,0.028913798,0.10686745,17,51,"Calcarine gyrus ([CalcarineG], 17)","Cerebellum ([CB], 51)",0.0691331100744258,0.0075492062476528,0.2314316126052563,0.2575654095378352,ASD
164,94,851,0.0036616945,0.107048444,21,23,"Right middle occipital gyrus ([R MOG], 21)","Inferior occipital gyrus ([IOG], 23)",0.3525207628613719,0.4495624978716103,0.2862098225212167,0.2936323773648462,TD
165,58,519,0.030594693,0.111060284,12,15,"Superior parietal lobule ([SPL], 12)","Superior parietal lobule ([SPL], 15)",0.2087453872805462,0.1473586966622096,0.2443541796430742,0.2501436845644919,ASD
166,87,754,0.035369493,0.11982413,18,25,"Middle occipital gyrus ([MOG], 18)","Middle temporal gyrus ([MTG], 25)",0.0343131412826462,0.0894769494914982,0.2254435442909234,0.2312733931295358,TD
167,138,1157,0.015737377,0.12078627,32,43,"Inferior parietal lobule ([IPL], 32)",Precuneus (43),-0.0470901279582607,-0.1098842617441678,0.2503835596972855,0.203062972990163,ASD
168,166,1275,0.029580154,0.12408983,39,42,"Middle cingulate cortex ([MCC], 39)","Hippocampus ([HiPP], 42)",0.019405793143029,0.084022777027397,0.2170127586912134,0.2907070767155481,TD
169,59,534,0.039093576,0.12649594,12,30,"Superior parietal lobule ([SPL], 12)","Right inferior frontal gyrus ([R IFG], 30)",-0.0719869654979755,-0.0245861315478846,0.219338376963856,0.1819762346284535,TD
170,21,157,0.0258165,0.12870139,4,9,Caudate (4),"Left postcentral gyrus ([L PoCG], 9)",0.081064557843143,0.0211234499601564,0.2226585984951727,0.2441512227106297,ASD
171,63,568,0.011942127,0.12891573,13,24,"Paracentral lobule ([ParaCL], 13)","Lingual gyrus ([LingualG], 24)",-0.1989628390512101,-0.1404455085393825,0.1979961150549202,0.2066113092351912,TD
172,36,307,0.0008239031,0.13163354,7,18,"Middle temporal gyrus ([MTG], 7)","Middle occipital gyrus ([MOG], 18)",-0.1736736771355876,-0.0893119115585698,0.2171578619460704,0.2200221313257724,TD
173,111,996,0.005507215,0.13328873,25,50,"Middle temporal gyrus ([MTG], 25)","Cerebellum ([CB], 50)",0.0413760986186919,0.1259980282793411,0.2562942698658938,0.2725505269833478,TD
174,135,1147,0.035894636,0.13416074,32,33,"Inferior parietal lobule ([IPL], 32)","Left inferior parietal lobue ([R IPL], 33)",0.2177656781130294,0.2720078627051485,0.2239691812424216,0.2266349271705486,TD
175,149,1182,0.011020895,0.13577203,33,48,"Left inferior parietal lobue ([R IPL], 33)",Precuneus (48),-0.0518842124942418,-0.118121318151521,0.2404677317786036,0.2140477551535648,ASD
176,16,126,0.013220456,0.1406568,3,27,Putamen (3),Insula (27),0.2458562165130401,0.1797738697578634,0.2293436379458681,0.2346593846820133,ASD
177,20,150,0.030518329,0.15071368,3,51,Putamen (3),"Cerebellum ([CB], 51)",-0.173996802123384,-0.1125833013794549,0.2081777041510897,0.2774032928514113,TD
178,137,1152,0.026091315,0.15557885,32,38,"Inferior parietal lobule ([IPL], 32)","Left inferior parietal lobule ([L IPL], 38)",0.2077309439450103,0.2692068325373993,0.2324925914122754,0.2478556485626589,TD
179,76,657,0.047763404,0.16445656,15,36,"Superior parietal lobule ([SPL], 15)","Middle frontal gyrus ([MiFG], 36)",0.0250478694282362,-0.031034147639536,0.246470238332724,0.2476575060437843,ASD
180,56,506,0.034589186,0.18057567,11,43,"Right postcentral gyrus ([R PoCG], 11)",Precuneus (43),-0.1425734420851703,-0.1874064859491581,0.2031462931550871,0.1673563568018006,ASD
181,140,1162,0.004990252,0.18191831,32,48,"Inferior parietal lobule ([IPL], 32)",Precuneus (48),0.0228058514414775,-0.0505808120778856,0.2473962725591181,0.2079050834017316,ASD
182,61,552,0.0112004075,0.19040218,12,48,"Superior parietal lobule ([SPL], 12)",Precuneus (48),0.160400516294019,0.0854404333054107,0.2767946727602264,0.2387237770341478,ASD
183,42,366,0.015471242,0.19975147,8,32,"Postcentral gyrus ([PoCG], 8)","Inferior parietal lobule ([IPL], 32)",0.0204337310633966,0.0778297760726999,0.215321218938546,0.1982886136648204,TD
184,6,63,0.016981093,0.20183815,2,14,Subthalamus/hypothalamus (2),"Precentral gyrus ([PreCG], 14)",0.0778732907239338,0.0082990129116173,0.2402004635016161,0.2652348044508112,ASD
185,60,547,0.0056930254,0.21435283,12,43,"Superior parietal lobule ([SPL], 12)",Precuneus (43),-0.0412618828014588,-0.1060885738000703,0.2299616264789162,0.1778029011494536,ASD
186,84,719,0.017022232,0.21737573,17,25,"Calcarine gyrus ([CalcarineG], 17)","Middle temporal gyrus ([MTG], 25)",-0.0463162021089553,0.0184149978709326,0.2222816774897018,0.2478802624910597,TD
